kind,dataset,model,method,seed,status,metric_name,metric_value,expected_rows,actual_rows,path
training,hotpotqa,Llama-3.1-8B-Instruct,contrastive,0,complete,cosine_auroc,0.839858293752886,,,runs/baseline_comparison_hotpotqa/hotpotqa/contrastive/seed_0
training,hotpotqa,Llama-3.1-8B-Instruct,contrastive,0,complete,mahalanobis_auroc,0.8464448924731183,,,runs/baseline_comparison_hotpotqa/hotpotqa/contrastive/seed_0
training,hotpotqa,Llama-3.1-8B-Instruct,contrastive,0,complete,knn_auroc,0.8506551388614025,,,runs/baseline_comparison_hotpotqa/hotpotqa/contrastive/seed_0
training,hotpotqa,Llama-3.1-8B-Instruct,contrastive,1,complete,cosine_auroc,0.8308401774523384,,,runs/baseline_comparison_hotpotqa/hotpotqa/contrastive/seed_1
training,hotpotqa,Llama-3.1-8B-Instruct,contrastive,1,complete,mahalanobis_auroc,0.8478388251203904,,,runs/baseline_comparison_hotpotqa/hotpotqa/contrastive/seed_1
training,hotpotqa,Llama-3.1-8B-Instruct,contrastive,1,complete,knn_auroc,0.8543839880598985,,,runs/baseline_comparison_hotpotqa/hotpotqa/contrastive/seed_1
training,hotpotqa,Llama-3.1-8B-Instruct,contrastive,2,complete,cosine_auroc,0.8269777030147109,,,runs/baseline_comparison_hotpotqa/hotpotqa/contrastive/seed_2
training,hotpotqa,Llama-3.1-8B-Instruct,contrastive,2,complete,mahalanobis_auroc,0.844247023220529,,,runs/baseline_comparison_hotpotqa/hotpotqa/contrastive/seed_2
training,hotpotqa,Llama-3.1-8B-Instruct,contrastive,2,complete,knn_auroc,0.8479889009829146,,,runs/baseline_comparison_hotpotqa/hotpotqa/contrastive/seed_2
training,hotpotqa,Llama-3.1-8B-Instruct,contrastive,3,complete,cosine_auroc,0.8370758295402071,,,runs/baseline_comparison_hotpotqa/hotpotqa/contrastive/seed_3
training,hotpotqa,Llama-3.1-8B-Instruct,contrastive,3,complete,mahalanobis_auroc,0.8497998713635463,,,runs/baseline_comparison_hotpotqa/hotpotqa/contrastive/seed_3
training,hotpotqa,Llama-3.1-8B-Instruct,contrastive,3,complete,knn_auroc,0.8557685615805792,,,runs/baseline_comparison_hotpotqa/hotpotqa/contrastive/seed_3
training,hotpotqa,Llama-3.1-8B-Instruct,contrastive,4,complete,cosine_auroc,0.8377053235701564,,,runs/baseline_comparison_hotpotqa/hotpotqa/contrastive/seed_4
training,hotpotqa,Llama-3.1-8B-Instruct,contrastive,4,complete,mahalanobis_auroc,0.8486201266574313,,,runs/baseline_comparison_hotpotqa/hotpotqa/contrastive/seed_4
training,hotpotqa,Llama-3.1-8B-Instruct,contrastive,4,complete,knn_auroc,0.8518849775710798,,,runs/baseline_comparison_hotpotqa/hotpotqa/contrastive/seed_4
training,hotpotqa,Llama-3.1-8B-Instruct,contrastive_logprob_recon,0,complete,cosine_auroc,0.8351896099003757,,,runs/baseline_comparison_hotpotqa/hotpotqa/contrastive_logprob_recon/seed_0
training,hotpotqa,Llama-3.1-8B-Instruct,contrastive_logprob_recon,0,complete,mahalanobis_auroc,0.8463391238317526,,,runs/baseline_comparison_hotpotqa/hotpotqa/contrastive_logprob_recon/seed_0
training,hotpotqa,Llama-3.1-8B-Instruct,contrastive_logprob_recon,0,complete,knn_auroc,0.8504777539882258,,,runs/baseline_comparison_hotpotqa/hotpotqa/contrastive_logprob_recon/seed_0
training,hotpotqa,Llama-3.1-8B-Instruct,contrastive_logprob_recon,1,complete,cosine_auroc,0.8374931971106273,,,runs/baseline_comparison_hotpotqa/hotpotqa/contrastive_logprob_recon/seed_1
training,hotpotqa,Llama-3.1-8B-Instruct,contrastive_logprob_recon,1,complete,mahalanobis_auroc,0.8497374496998482,,,runs/baseline_comparison_hotpotqa/hotpotqa/contrastive_logprob_recon/seed_1
training,hotpotqa,Llama-3.1-8B-Instruct,contrastive_logprob_recon,1,complete,knn_auroc,0.8544970809420147,,,runs/baseline_comparison_hotpotqa/hotpotqa/contrastive_logprob_recon/seed_1
training,hotpotqa,Llama-3.1-8B-Instruct,contrastive_logprob_recon,2,complete,cosine_auroc,0.8380667837588233,,,runs/baseline_comparison_hotpotqa/hotpotqa/contrastive_logprob_recon/seed_2
training,hotpotqa,Llama-3.1-8B-Instruct,contrastive_logprob_recon,2,complete,mahalanobis_auroc,0.848646101325945,,,runs/baseline_comparison_hotpotqa/hotpotqa/contrastive_logprob_recon/seed_2
training,hotpotqa,Llama-3.1-8B-Instruct,contrastive_logprob_recon,2,complete,knn_auroc,0.8519260010554786,,,runs/baseline_comparison_hotpotqa/hotpotqa/contrastive_logprob_recon/seed_2
training,hotpotqa,Llama-3.1-8B-Instruct,contrastive_logprob_recon,3,complete,cosine_auroc,0.8437504535259581,,,runs/baseline_comparison_hotpotqa/hotpotqa/contrastive_logprob_recon/seed_3
training,hotpotqa,Llama-3.1-8B-Instruct,contrastive_logprob_recon,3,complete,mahalanobis_auroc,0.8513876657431229,,,runs/baseline_comparison_hotpotqa/hotpotqa/contrastive_logprob_recon/seed_3
training,hotpotqa,Llama-3.1-8B-Instruct,contrastive_logprob_recon,3,complete,knn_auroc,0.8540720034303053,,,runs/baseline_comparison_hotpotqa/hotpotqa/contrastive_logprob_recon/seed_3
training,hotpotqa,Llama-3.1-8B-Instruct,contrastive_logprob_recon,4,complete,cosine_auroc,0.8388907991951975,,,runs/baseline_comparison_hotpotqa/hotpotqa/contrastive_logprob_recon/seed_4
training,hotpotqa,Llama-3.1-8B-Instruct,contrastive_logprob_recon,4,complete,mahalanobis_auroc,0.8488370769839699,,,runs/baseline_comparison_hotpotqa/hotpotqa/contrastive_logprob_recon/seed_4
training,hotpotqa,Llama-3.1-8B-Instruct,contrastive_logprob_recon,4,complete,knn_auroc,0.8516089451810804,,,runs/baseline_comparison_hotpotqa/hotpotqa/contrastive_logprob_recon/seed_4
training,hotpotqa,Llama-3.1-8B-Instruct,saplma,0,complete,auroc,0.6936162098423378,,,runs/baseline_comparison_hotpotqa/hotpotqa/saplma/seed_0
training,hotpotqa,Llama-3.1-8B-Instruct,saplma,1,complete,auroc,0.6890707253116961,,,runs/baseline_comparison_hotpotqa/hotpotqa/saplma/seed_1
training,hotpotqa,Llama-3.1-8B-Instruct,saplma,2,complete,auroc,0.6927116729335708,,,runs/baseline_comparison_hotpotqa/hotpotqa/saplma/seed_2
training,hotpotqa,Llama-3.1-8B-Instruct,saplma,3,complete,auroc,0.6943576423246915,,,runs/baseline_comparison_hotpotqa/hotpotqa/saplma/seed_3
training,hotpotqa,Llama-3.1-8B-Instruct,saplma,4,complete,auroc,0.6977712497526222,,,runs/baseline_comparison_hotpotqa/hotpotqa/saplma/seed_4
training,hotpotqa,Llama-3.1-8B-Instruct,saplma_logprob_recon,0,complete,auroc,0.6971193680321921,,,runs/baseline_comparison_hotpotqa/hotpotqa/saplma_logprob_recon/seed_0
training,hotpotqa,Llama-3.1-8B-Instruct,saplma_logprob_recon,1,complete,auroc,0.6972257404842008,,,runs/baseline_comparison_hotpotqa/hotpotqa/saplma_logprob_recon/seed_1
training,hotpotqa,Llama-3.1-8B-Instruct,saplma_logprob_recon,2,complete,auroc,0.6952244953492974,,,runs/baseline_comparison_hotpotqa/hotpotqa/saplma_logprob_recon/seed_2
training,hotpotqa,Llama-3.1-8B-Instruct,saplma_logprob_recon,3,complete,auroc,0.6979514232469161,,,runs/baseline_comparison_hotpotqa/hotpotqa/saplma_logprob_recon/seed_3
training,hotpotqa,Llama-3.1-8B-Instruct,saplma_logprob_recon,4,complete,auroc,0.693666881060756,,,runs/baseline_comparison_hotpotqa/hotpotqa/saplma_logprob_recon/seed_4
training,hotpotqa_memmap,Llama-3.1-8B-Instruct,contrastive_logprob_recon,0,complete,cosine_auroc,0.8380459297243501,,,runs/baseline_comparison_hotpotqa_memmap/hotpotqa_memmap/contrastive_logprob_recon/seed_0
training,hotpotqa_memmap,Llama-3.1-8B-Instruct,contrastive_logprob_recon,0,complete,mahalanobis_auroc,0.8464495992704737,,,runs/baseline_comparison_hotpotqa_memmap/hotpotqa_memmap/contrastive_logprob_recon/seed_0
training,hotpotqa_memmap,Llama-3.1-8B-Instruct,contrastive_logprob_recon,0,complete,knn_auroc,0.8500552326363328,,,runs/baseline_comparison_hotpotqa_memmap/hotpotqa_memmap/contrastive_logprob_recon/seed_0
training,hotpotqa_memmap,Llama-3.1-8B-Instruct,contrastive_logprob_recon,1,complete,cosine_auroc,0.8266656880902298,,,runs/baseline_comparison_hotpotqa_memmap/hotpotqa_memmap/contrastive_logprob_recon/seed_1
training,hotpotqa_memmap,Llama-3.1-8B-Instruct,contrastive_logprob_recon,1,complete,mahalanobis_auroc,0.8420164252322222,,,runs/baseline_comparison_hotpotqa_memmap/hotpotqa_memmap/contrastive_logprob_recon/seed_1
training,hotpotqa_memmap,Llama-3.1-8B-Instruct,contrastive_logprob_recon,1,complete,knn_auroc,0.8500236723085806,,,runs/baseline_comparison_hotpotqa_memmap/hotpotqa_memmap/contrastive_logprob_recon/seed_1
training,hotpotqa_memmap,Llama-3.1-8B-Instruct,contrastive_logprob_recon,2,complete,cosine_auroc,0.8386535794857374,,,runs/baseline_comparison_hotpotqa_memmap/hotpotqa_memmap/contrastive_logprob_recon/seed_2
training,hotpotqa_memmap,Llama-3.1-8B-Instruct,contrastive_logprob_recon,2,complete,mahalanobis_auroc,0.8477023998885775,,,runs/baseline_comparison_hotpotqa_memmap/hotpotqa_memmap/contrastive_logprob_recon/seed_2
training,hotpotqa_memmap,Llama-3.1-8B-Instruct,contrastive_logprob_recon,2,complete,knn_auroc,0.8525466420388845,,,runs/baseline_comparison_hotpotqa_memmap/hotpotqa_memmap/contrastive_logprob_recon/seed_2
training,hotpotqa_memmap,Llama-3.1-8B-Instruct,contrastive_logprob_recon,3,complete,cosine_auroc,0.8369069113074756,,,runs/baseline_comparison_hotpotqa_memmap/hotpotqa_memmap/contrastive_logprob_recon/seed_3
training,hotpotqa_memmap,Llama-3.1-8B-Instruct,contrastive_logprob_recon,3,complete,mahalanobis_auroc,0.8455814633529726,,,runs/baseline_comparison_hotpotqa_memmap/hotpotqa_memmap/contrastive_logprob_recon/seed_3
training,hotpotqa_memmap,Llama-3.1-8B-Instruct,contrastive_logprob_recon,3,complete,knn_auroc,0.8520293001957318,,,runs/baseline_comparison_hotpotqa_memmap/hotpotqa_memmap/contrastive_logprob_recon/seed_3
training,hotpotqa_memmap,Llama-3.1-8B-Instruct,contrastive_logprob_recon,4,complete,cosine_auroc,0.8367258829177024,,,runs/baseline_comparison_hotpotqa_memmap/hotpotqa_memmap/contrastive_logprob_recon/seed_4
training,hotpotqa_memmap,Llama-3.1-8B-Instruct,contrastive_logprob_recon,4,complete,mahalanobis_auroc,0.8462247164644908,,,runs/baseline_comparison_hotpotqa_memmap/hotpotqa_memmap/contrastive_logprob_recon/seed_4
training,hotpotqa_memmap,Llama-3.1-8B-Instruct,contrastive_logprob_recon,4,complete,knn_auroc,0.8509916873809681,,,runs/baseline_comparison_hotpotqa_memmap/hotpotqa_memmap/contrastive_logprob_recon/seed_4
training,hotpotqa_memmap,Llama-3.1-8B-Instruct,saplma,0,complete,auroc,0.6842226249842611,,,runs/baseline_comparison_hotpotqa_memmap/hotpotqa_memmap/saplma/seed_0
training,hotpotqa_memmap,Llama-3.1-8B-Instruct,saplma,1,complete,auroc,0.6885098789189057,,,runs/baseline_comparison_hotpotqa_memmap/hotpotqa_memmap/saplma/seed_1
training,hotpotqa_memmap,Llama-3.1-8B-Instruct,saplma,2,complete,auroc,0.690996420192471,,,runs/baseline_comparison_hotpotqa_memmap/hotpotqa_memmap/saplma/seed_2
training,hotpotqa_memmap,Llama-3.1-8B-Instruct,saplma,3,complete,auroc,0.689680003854898,,,runs/baseline_comparison_hotpotqa_memmap/hotpotqa_memmap/saplma/seed_3
training,hotpotqa_memmap,Llama-3.1-8B-Instruct,saplma,4,complete,auroc,0.6923156418925107,,,runs/baseline_comparison_hotpotqa_memmap/hotpotqa_memmap/saplma/seed_4
training,hotpotqa,Qwen3-8B,contrastive,0,complete,cosine_auroc,0.7236508326227948,,,runs/baseline_comparison_hotpotqa_qwen3/hotpotqa_qwen3/contrastive/seed_0
training,hotpotqa,Qwen3-8B,contrastive,0,complete,mahalanobis_auroc,0.7411072579773775,,,runs/baseline_comparison_hotpotqa_qwen3/hotpotqa_qwen3/contrastive/seed_0
training,hotpotqa,Qwen3-8B,contrastive,0,complete,knn_auroc,0.7537000603734882,,,runs/baseline_comparison_hotpotqa_qwen3/hotpotqa_qwen3/contrastive/seed_0
training,hotpotqa,Qwen3-8B,contrastive,1,complete,cosine_auroc,0.7230311841726602,,,runs/baseline_comparison_hotpotqa_qwen3/hotpotqa_qwen3/contrastive/seed_1
training,hotpotqa,Qwen3-8B,contrastive,1,complete,mahalanobis_auroc,0.7403699293669413,,,runs/baseline_comparison_hotpotqa_qwen3/hotpotqa_qwen3/contrastive/seed_1
training,hotpotqa,Qwen3-8B,contrastive,1,complete,knn_auroc,0.7534122788905685,,,runs/baseline_comparison_hotpotqa_qwen3/hotpotqa_qwen3/contrastive/seed_1
training,hotpotqa,Qwen3-8B,contrastive,2,complete,cosine_auroc,0.7067394357985186,,,runs/baseline_comparison_hotpotqa_qwen3/hotpotqa_qwen3/contrastive/seed_2
training,hotpotqa,Qwen3-8B,contrastive,2,complete,mahalanobis_auroc,0.7263712502375891,,,runs/baseline_comparison_hotpotqa_qwen3/hotpotqa_qwen3/contrastive/seed_2
training,hotpotqa,Qwen3-8B,contrastive,2,complete,knn_auroc,0.7516690077886438,,,runs/baseline_comparison_hotpotqa_qwen3/hotpotqa_qwen3/contrastive/seed_2
training,hotpotqa,Qwen3-8B,contrastive,3,complete,cosine_auroc,0.7175579868989888,,,runs/baseline_comparison_hotpotqa_qwen3/hotpotqa_qwen3/contrastive/seed_3
training,hotpotqa,Qwen3-8B,contrastive,3,complete,mahalanobis_auroc,0.7331570716326269,,,runs/baseline_comparison_hotpotqa_qwen3/hotpotqa_qwen3/contrastive/seed_3
training,hotpotqa,Qwen3-8B,contrastive,3,complete,knn_auroc,0.7570398589835073,,,runs/baseline_comparison_hotpotqa_qwen3/hotpotqa_qwen3/contrastive/seed_3
training,hotpotqa,Qwen3-8B,contrastive,4,complete,cosine_auroc,0.7219212462970868,,,runs/baseline_comparison_hotpotqa_qwen3/hotpotqa_qwen3/contrastive/seed_4
training,hotpotqa,Qwen3-8B,contrastive,4,complete,mahalanobis_auroc,0.7410438265879422,,,runs/baseline_comparison_hotpotqa_qwen3/hotpotqa_qwen3/contrastive/seed_4
training,hotpotqa,Qwen3-8B,contrastive,4,complete,knn_auroc,0.752744443980856,,,runs/baseline_comparison_hotpotqa_qwen3/hotpotqa_qwen3/contrastive/seed_4
training,hotpotqa,Qwen3-8B,contrastive_logprob_recon,0,complete,cosine_auroc,0.720307155916584,,,runs/baseline_comparison_hotpotqa_qwen3/hotpotqa_qwen3/contrastive_logprob_recon/seed_0
training,hotpotqa,Qwen3-8B,contrastive_logprob_recon,0,complete,mahalanobis_auroc,0.7333105907508387,,,runs/baseline_comparison_hotpotqa_qwen3/hotpotqa_qwen3/contrastive_logprob_recon/seed_0
training,hotpotqa,Qwen3-8B,contrastive_logprob_recon,0,complete,knn_auroc,0.7527621851565377,,,runs/baseline_comparison_hotpotqa_qwen3/hotpotqa_qwen3/contrastive_logprob_recon/seed_0
training,hotpotqa,Qwen3-8B,contrastive_logprob_recon,1,complete,cosine_auroc,0.7269345548533972,,,runs/baseline_comparison_hotpotqa_qwen3/hotpotqa_qwen3/contrastive_logprob_recon/seed_1
training,hotpotqa,Qwen3-8B,contrastive_logprob_recon,1,complete,mahalanobis_auroc,0.7382932311441615,,,runs/baseline_comparison_hotpotqa_qwen3/hotpotqa_qwen3/contrastive_logprob_recon/seed_1
training,hotpotqa,Qwen3-8B,contrastive_logprob_recon,1,complete,knn_auroc,0.7527456921037682,,,runs/baseline_comparison_hotpotqa_qwen3/hotpotqa_qwen3/contrastive_logprob_recon/seed_1
training,hotpotqa,Qwen3-8B,contrastive_logprob_recon,2,complete,cosine_auroc,0.7263340740051301,,,runs/baseline_comparison_hotpotqa_qwen3/hotpotqa_qwen3/contrastive_logprob_recon/seed_2
training,hotpotqa,Qwen3-8B,contrastive_logprob_recon,2,complete,mahalanobis_auroc,0.7440329472354257,,,runs/baseline_comparison_hotpotqa_qwen3/hotpotqa_qwen3/contrastive_logprob_recon/seed_2
training,hotpotqa,Qwen3-8B,contrastive_logprob_recon,2,complete,knn_auroc,0.7542424143546973,,,runs/baseline_comparison_hotpotqa_qwen3/hotpotqa_qwen3/contrastive_logprob_recon/seed_2
training,hotpotqa,Qwen3-8B,contrastive_logprob_recon,3,complete,cosine_auroc,0.7114251566661709,,,runs/baseline_comparison_hotpotqa_qwen3/hotpotqa_qwen3/contrastive_logprob_recon/seed_3
training,hotpotqa,Qwen3-8B,contrastive_logprob_recon,3,complete,mahalanobis_auroc,0.7283633881330613,,,runs/baseline_comparison_hotpotqa_qwen3/hotpotqa_qwen3/contrastive_logprob_recon/seed_3
training,hotpotqa,Qwen3-8B,contrastive_logprob_recon,3,complete,knn_auroc,0.7516826034132239,,,runs/baseline_comparison_hotpotqa_qwen3/hotpotqa_qwen3/contrastive_logprob_recon/seed_3
training,hotpotqa,Qwen3-8B,contrastive_logprob_recon,4,complete,cosine_auroc,0.7145209472468369,,,runs/baseline_comparison_hotpotqa_qwen3/hotpotqa_qwen3/contrastive_logprob_recon/seed_4
training,hotpotqa,Qwen3-8B,contrastive_logprob_recon,4,complete,mahalanobis_auroc,0.741488604102901,,,runs/baseline_comparison_hotpotqa_qwen3/hotpotqa_qwen3/contrastive_logprob_recon/seed_4
training,hotpotqa,Qwen3-8B,contrastive_logprob_recon,4,complete,knn_auroc,0.7518856016897444,,,runs/baseline_comparison_hotpotqa_qwen3/hotpotqa_qwen3/contrastive_logprob_recon/seed_4
training,hotpotqa,Qwen3-8B,saplma,0,complete,auroc,0.6984131632748035,,,runs/baseline_comparison_hotpotqa_qwen3/hotpotqa_qwen3/saplma/seed_0
training,hotpotqa,Qwen3-8B,saplma,1,complete,auroc,0.6924033623004832,,,runs/baseline_comparison_hotpotqa_qwen3/hotpotqa_qwen3/saplma/seed_1
training,hotpotqa,Qwen3-8B,saplma,2,complete,auroc,0.7038556923854874,,,runs/baseline_comparison_hotpotqa_qwen3/hotpotqa_qwen3/saplma/seed_2
training,hotpotqa,Qwen3-8B,saplma,3,complete,auroc,0.6990518010235323,,,runs/baseline_comparison_hotpotqa_qwen3/hotpotqa_qwen3/saplma/seed_3
training,hotpotqa,Qwen3-8B,saplma,4,complete,auroc,0.699035530849854,,,runs/baseline_comparison_hotpotqa_qwen3/hotpotqa_qwen3/saplma/seed_4
training,hotpotqa,Qwen3-8B,saplma_logprob_recon,0,complete,auroc,0.6945529419861772,,,runs/baseline_comparison_hotpotqa_qwen3/hotpotqa_qwen3/saplma_logprob_recon/seed_0
training,hotpotqa,Qwen3-8B,saplma_logprob_recon,1,complete,auroc,0.7033778841891711,,,runs/baseline_comparison_hotpotqa_qwen3/hotpotqa_qwen3/saplma_logprob_recon/seed_1
training,hotpotqa,Qwen3-8B,saplma_logprob_recon,2,complete,auroc,0.7031242923588845,,,runs/baseline_comparison_hotpotqa_qwen3/hotpotqa_qwen3/saplma_logprob_recon/seed_2
training,hotpotqa,Qwen3-8B,saplma_logprob_recon,3,complete,auroc,0.7019825719248658,,,runs/baseline_comparison_hotpotqa_qwen3/hotpotqa_qwen3/saplma_logprob_recon/seed_3
training,hotpotqa,Qwen3-8B,saplma_logprob_recon,4,complete,auroc,0.6927671455535978,,,runs/baseline_comparison_hotpotqa_qwen3/hotpotqa_qwen3/saplma_logprob_recon/seed_4
training,hotpotqa_qwen3_memmap,Qwen3-8B,contrastive_logprob_recon,0,complete,cosine_auroc,0.8475317179538526,,,runs/baseline_comparison_hotpotqa_qwen3_memmap/hotpotqa_qwen3_memmap/contrastive_logprob_recon/seed_0
training,hotpotqa_qwen3_memmap,Qwen3-8B,contrastive_logprob_recon,0,complete,mahalanobis_auroc,0.8623059430834612,,,runs/baseline_comparison_hotpotqa_qwen3_memmap/hotpotqa_qwen3_memmap/contrastive_logprob_recon/seed_0
training,hotpotqa_qwen3_memmap,Qwen3-8B,contrastive_logprob_recon,0,complete,knn_auroc,0.877311260930512,,,runs/baseline_comparison_hotpotqa_qwen3_memmap/hotpotqa_qwen3_memmap/contrastive_logprob_recon/seed_0
training,hotpotqa_qwen3_memmap,Qwen3-8B,contrastive_logprob_recon,1,complete,cosine_auroc,0.8483447032908351,,,runs/baseline_comparison_hotpotqa_qwen3_memmap/hotpotqa_qwen3_memmap/contrastive_logprob_recon/seed_1
training,hotpotqa_qwen3_memmap,Qwen3-8B,contrastive_logprob_recon,1,complete,mahalanobis_auroc,0.8700163762988675,,,runs/baseline_comparison_hotpotqa_qwen3_memmap/hotpotqa_qwen3_memmap/contrastive_logprob_recon/seed_1
training,hotpotqa_qwen3_memmap,Qwen3-8B,contrastive_logprob_recon,1,complete,knn_auroc,0.8801116080368466,,,runs/baseline_comparison_hotpotqa_qwen3_memmap/hotpotqa_qwen3_memmap/contrastive_logprob_recon/seed_1
training,hotpotqa_qwen3_memmap,Qwen3-8B,contrastive_logprob_recon,2,complete,cosine_auroc,0.8332382350977906,,,runs/baseline_comparison_hotpotqa_qwen3_memmap/hotpotqa_qwen3_memmap/contrastive_logprob_recon/seed_2
training,hotpotqa_qwen3_memmap,Qwen3-8B,contrastive_logprob_recon,2,complete,mahalanobis_auroc,0.8519795741272279,,,runs/baseline_comparison_hotpotqa_qwen3_memmap/hotpotqa_qwen3_memmap/contrastive_logprob_recon/seed_2
training,hotpotqa_qwen3_memmap,Qwen3-8B,contrastive_logprob_recon,2,complete,knn_auroc,0.8696350043388291,,,runs/baseline_comparison_hotpotqa_qwen3_memmap/hotpotqa_qwen3_memmap/contrastive_logprob_recon/seed_2
training,hotpotqa_qwen3_memmap,Qwen3-8B,contrastive_logprob_recon,3,complete,cosine_auroc,0.8448705248870791,,,runs/baseline_comparison_hotpotqa_qwen3_memmap/hotpotqa_qwen3_memmap/contrastive_logprob_recon/seed_3
training,hotpotqa_qwen3_memmap,Qwen3-8B,contrastive_logprob_recon,3,complete,mahalanobis_auroc,0.8650226286629731,,,runs/baseline_comparison_hotpotqa_qwen3_memmap/hotpotqa_qwen3_memmap/contrastive_logprob_recon/seed_3
training,hotpotqa_qwen3_memmap,Qwen3-8B,contrastive_logprob_recon,3,complete,knn_auroc,0.8755382595732373,,,runs/baseline_comparison_hotpotqa_qwen3_memmap/hotpotqa_qwen3_memmap/contrastive_logprob_recon/seed_3
training,hotpotqa_qwen3_memmap,Qwen3-8B,contrastive_logprob_recon,4,complete,cosine_auroc,0.8356822642013216,,,runs/baseline_comparison_hotpotqa_qwen3_memmap/hotpotqa_qwen3_memmap/contrastive_logprob_recon/seed_4
training,hotpotqa_qwen3_memmap,Qwen3-8B,contrastive_logprob_recon,4,complete,mahalanobis_auroc,0.859098324544423,,,runs/baseline_comparison_hotpotqa_qwen3_memmap/hotpotqa_qwen3_memmap/contrastive_logprob_recon/seed_4
training,hotpotqa_qwen3_memmap,Qwen3-8B,contrastive_logprob_recon,4,complete,knn_auroc,0.8702808446254144,,,runs/baseline_comparison_hotpotqa_qwen3_memmap/hotpotqa_qwen3_memmap/contrastive_logprob_recon/seed_4
training,hotpotqa_qwen3_memmap,Qwen3-8B,saplma,0,complete,auroc,0.7817965867877088,,,runs/baseline_comparison_hotpotqa_qwen3_memmap/hotpotqa_qwen3_memmap/saplma/seed_0
training,hotpotqa_qwen3_memmap,Qwen3-8B,saplma,1,complete,auroc,0.7816363838640056,,,runs/baseline_comparison_hotpotqa_qwen3_memmap/hotpotqa_qwen3_memmap/saplma/seed_1
training,hotpotqa_qwen3_memmap,Qwen3-8B,saplma,2,complete,auroc,0.7803875130721135,,,runs/baseline_comparison_hotpotqa_qwen3_memmap/hotpotqa_qwen3_memmap/saplma/seed_2
training,hotpotqa_qwen3_memmap,Qwen3-8B,saplma,3,complete,auroc,0.7849822664263623,,,runs/baseline_comparison_hotpotqa_qwen3_memmap/hotpotqa_qwen3_memmap/saplma/seed_3
training,hotpotqa_qwen3_memmap,Qwen3-8B,saplma,4,complete,auroc,0.7862006541619384,,,runs/baseline_comparison_hotpotqa_qwen3_memmap/hotpotqa_qwen3_memmap/saplma/seed_4
training,mmlu,Llama-3.1-8B-Instruct,contrastive_logprob_recon,0,complete,cosine_auroc,0.7617700167981881,,,runs/baseline_comparison_mmlu/mmlu/contrastive_logprob_recon/seed_0
training,mmlu,Llama-3.1-8B-Instruct,contrastive_logprob_recon,0,complete,mahalanobis_auroc,0.7891106970088291,,,runs/baseline_comparison_mmlu/mmlu/contrastive_logprob_recon/seed_0
training,mmlu,Llama-3.1-8B-Instruct,contrastive_logprob_recon,0,complete,knn_auroc,0.8197646713689019,,,runs/baseline_comparison_mmlu/mmlu/contrastive_logprob_recon/seed_0
training,mmlu,Llama-3.1-8B-Instruct,contrastive_logprob_recon,1,complete,cosine_auroc,0.7215271769621219,,,runs/baseline_comparison_mmlu/mmlu/contrastive_logprob_recon/seed_1
training,mmlu,Llama-3.1-8B-Instruct,contrastive_logprob_recon,1,complete,mahalanobis_auroc,0.7614081719099607,,,runs/baseline_comparison_mmlu/mmlu/contrastive_logprob_recon/seed_1
training,mmlu,Llama-3.1-8B-Instruct,contrastive_logprob_recon,1,complete,knn_auroc,0.809250380011725,,,runs/baseline_comparison_mmlu/mmlu/contrastive_logprob_recon/seed_1
training,mmlu,Llama-3.1-8B-Instruct,contrastive_logprob_recon,2,complete,cosine_auroc,0.7677616561071227,,,runs/baseline_comparison_mmlu/mmlu/contrastive_logprob_recon/seed_2
training,mmlu,Llama-3.1-8B-Instruct,contrastive_logprob_recon,2,complete,mahalanobis_auroc,0.7981717858005309,,,runs/baseline_comparison_mmlu/mmlu/contrastive_logprob_recon/seed_2
training,mmlu,Llama-3.1-8B-Instruct,contrastive_logprob_recon,2,complete,knn_auroc,0.8283321034424976,,,runs/baseline_comparison_mmlu/mmlu/contrastive_logprob_recon/seed_2
training,mmlu,Llama-3.1-8B-Instruct,contrastive_logprob_recon,3,complete,cosine_auroc,0.7756916367391091,,,runs/baseline_comparison_mmlu/mmlu/contrastive_logprob_recon/seed_3
training,mmlu,Llama-3.1-8B-Instruct,contrastive_logprob_recon,3,complete,mahalanobis_auroc,0.7976620075187124,,,runs/baseline_comparison_mmlu/mmlu/contrastive_logprob_recon/seed_3
training,mmlu,Llama-3.1-8B-Instruct,contrastive_logprob_recon,3,complete,knn_auroc,0.8318350064308195,,,runs/baseline_comparison_mmlu/mmlu/contrastive_logprob_recon/seed_3
training,mmlu,Llama-3.1-8B-Instruct,contrastive_logprob_recon,4,complete,cosine_auroc,0.7552104653299275,,,runs/baseline_comparison_mmlu/mmlu/contrastive_logprob_recon/seed_4
training,mmlu,Llama-3.1-8B-Instruct,contrastive_logprob_recon,4,complete,mahalanobis_auroc,0.7848291465552164,,,runs/baseline_comparison_mmlu/mmlu/contrastive_logprob_recon/seed_4
training,mmlu,Llama-3.1-8B-Instruct,contrastive_logprob_recon,4,complete,knn_auroc,0.817576566118479,,,runs/baseline_comparison_mmlu/mmlu/contrastive_logprob_recon/seed_4
training,mmlu,Llama-3.1-8B-Instruct,saplma,0,complete,auroc,0.6641859991485889,,,runs/baseline_comparison_mmlu/mmlu/saplma/seed_0
training,mmlu,Llama-3.1-8B-Instruct,saplma,1,complete,auroc,0.6623090641398579,,,runs/baseline_comparison_mmlu/mmlu/saplma/seed_1
training,mmlu,Llama-3.1-8B-Instruct,saplma,2,complete,auroc,0.664609105978925,,,runs/baseline_comparison_mmlu/mmlu/saplma/seed_2
training,mmlu,Llama-3.1-8B-Instruct,saplma,3,complete,auroc,0.6499239495309395,,,runs/baseline_comparison_mmlu/mmlu/saplma/seed_3
training,mmlu,Llama-3.1-8B-Instruct,saplma,4,complete,auroc,0.6688441685801599,,,runs/baseline_comparison_mmlu/mmlu/saplma/seed_4
training,mmlu_memmap,Llama-3.1-8B-Instruct,contrastive_logprob_recon,0,complete,cosine_auroc,0.7367513484258789,,,runs/baseline_comparison_mmlu_memmap/mmlu_memmap/contrastive_logprob_recon/seed_0
training,mmlu_memmap,Llama-3.1-8B-Instruct,contrastive_logprob_recon,0,complete,mahalanobis_auroc,0.7610725303565773,,,runs/baseline_comparison_mmlu_memmap/mmlu_memmap/contrastive_logprob_recon/seed_0
training,mmlu_memmap,Llama-3.1-8B-Instruct,contrastive_logprob_recon,0,complete,knn_auroc,0.8079482348317988,,,runs/baseline_comparison_mmlu_memmap/mmlu_memmap/contrastive_logprob_recon/seed_0
training,mmlu_memmap,Llama-3.1-8B-Instruct,contrastive_logprob_recon,1,complete,cosine_auroc,0.7267970751723853,,,runs/baseline_comparison_mmlu_memmap/mmlu_memmap/contrastive_logprob_recon/seed_1
training,mmlu_memmap,Llama-3.1-8B-Instruct,contrastive_logprob_recon,1,complete,mahalanobis_auroc,0.7602831233832703,,,runs/baseline_comparison_mmlu_memmap/mmlu_memmap/contrastive_logprob_recon/seed_1
training,mmlu_memmap,Llama-3.1-8B-Instruct,contrastive_logprob_recon,1,complete,knn_auroc,0.8192435218980503,,,runs/baseline_comparison_mmlu_memmap/mmlu_memmap/contrastive_logprob_recon/seed_1
training,mmlu_memmap,Llama-3.1-8B-Instruct,contrastive_logprob_recon,2,complete,cosine_auroc,0.7496352298573812,,,runs/baseline_comparison_mmlu_memmap/mmlu_memmap/contrastive_logprob_recon/seed_2
training,mmlu_memmap,Llama-3.1-8B-Instruct,contrastive_logprob_recon,2,complete,mahalanobis_auroc,0.7738202315196139,,,runs/baseline_comparison_mmlu_memmap/mmlu_memmap/contrastive_logprob_recon/seed_2
training,mmlu_memmap,Llama-3.1-8B-Instruct,contrastive_logprob_recon,2,complete,knn_auroc,0.8236109831908375,,,runs/baseline_comparison_mmlu_memmap/mmlu_memmap/contrastive_logprob_recon/seed_2
training,mmlu_memmap,Llama-3.1-8B-Instruct,contrastive_logprob_recon,3,complete,cosine_auroc,0.7455928030153514,,,runs/baseline_comparison_mmlu_memmap/mmlu_memmap/contrastive_logprob_recon/seed_3
training,mmlu_memmap,Llama-3.1-8B-Instruct,contrastive_logprob_recon,3,complete,mahalanobis_auroc,0.7606438146965921,,,runs/baseline_comparison_mmlu_memmap/mmlu_memmap/contrastive_logprob_recon/seed_3
training,mmlu_memmap,Llama-3.1-8B-Instruct,contrastive_logprob_recon,3,complete,knn_auroc,0.805338529674141,,,runs/baseline_comparison_mmlu_memmap/mmlu_memmap/contrastive_logprob_recon/seed_3
training,mmlu_memmap,Llama-3.1-8B-Instruct,contrastive_logprob_recon,4,complete,cosine_auroc,0.7423094770063674,,,runs/baseline_comparison_mmlu_memmap/mmlu_memmap/contrastive_logprob_recon/seed_4
training,mmlu_memmap,Llama-3.1-8B-Instruct,contrastive_logprob_recon,4,complete,mahalanobis_auroc,0.7568695818454378,,,runs/baseline_comparison_mmlu_memmap/mmlu_memmap/contrastive_logprob_recon/seed_4
training,mmlu_memmap,Llama-3.1-8B-Instruct,contrastive_logprob_recon,4,complete,knn_auroc,0.8013197424986821,,,runs/baseline_comparison_mmlu_memmap/mmlu_memmap/contrastive_logprob_recon/seed_4
training,mmlu_memmap,Llama-3.1-8B-Instruct,saplma,0,complete,auroc,0.6401947575201771,,,runs/baseline_comparison_mmlu_memmap/mmlu_memmap/saplma/seed_0
training,mmlu_memmap,Llama-3.1-8B-Instruct,saplma,1,complete,auroc,0.6310991874796607,,,runs/baseline_comparison_mmlu_memmap/mmlu_memmap/saplma/seed_1
training,mmlu_memmap,Llama-3.1-8B-Instruct,saplma,2,complete,auroc,0.6380515739456665,,,runs/baseline_comparison_mmlu_memmap/mmlu_memmap/saplma/seed_2
training,mmlu_memmap,Llama-3.1-8B-Instruct,saplma,3,complete,auroc,0.6467615849716631,,,runs/baseline_comparison_mmlu_memmap/mmlu_memmap/saplma/seed_3
training,mmlu_memmap,Llama-3.1-8B-Instruct,saplma,4,complete,auroc,0.64461388398406,,,runs/baseline_comparison_mmlu_memmap/mmlu_memmap/saplma/seed_4
training,mmlu,Qwen3-8B,contrastive_logprob_recon,0,complete,cosine_auroc,0.7194321264264196,,,runs/baseline_comparison_mmlu_qwen3/mmlu_qwen3/contrastive_logprob_recon/seed_0
training,mmlu,Qwen3-8B,contrastive_logprob_recon,0,complete,mahalanobis_auroc,0.7848018053971488,,,runs/baseline_comparison_mmlu_qwen3/mmlu_qwen3/contrastive_logprob_recon/seed_0
training,mmlu,Qwen3-8B,contrastive_logprob_recon,0,complete,knn_auroc,0.8132456227424939,,,runs/baseline_comparison_mmlu_qwen3/mmlu_qwen3/contrastive_logprob_recon/seed_0
training,mmlu,Qwen3-8B,contrastive_logprob_recon,1,complete,cosine_auroc,0.7517421920422339,,,runs/baseline_comparison_mmlu_qwen3/mmlu_qwen3/contrastive_logprob_recon/seed_1
training,mmlu,Qwen3-8B,contrastive_logprob_recon,1,complete,mahalanobis_auroc,0.7859909527562087,,,runs/baseline_comparison_mmlu_qwen3/mmlu_qwen3/contrastive_logprob_recon/seed_1
training,mmlu,Qwen3-8B,contrastive_logprob_recon,1,complete,knn_auroc,0.819195917598368,,,runs/baseline_comparison_mmlu_qwen3/mmlu_qwen3/contrastive_logprob_recon/seed_1
training,mmlu,Qwen3-8B,contrastive_logprob_recon,2,complete,cosine_auroc,0.7938525943467893,,,runs/baseline_comparison_mmlu_qwen3/mmlu_qwen3/contrastive_logprob_recon/seed_2
training,mmlu,Qwen3-8B,contrastive_logprob_recon,2,complete,mahalanobis_auroc,0.8233964236443823,,,runs/baseline_comparison_mmlu_qwen3/mmlu_qwen3/contrastive_logprob_recon/seed_2
training,mmlu,Qwen3-8B,contrastive_logprob_recon,2,complete,knn_auroc,0.837513243698228,,,runs/baseline_comparison_mmlu_qwen3/mmlu_qwen3/contrastive_logprob_recon/seed_2
training,mmlu,Qwen3-8B,contrastive_logprob_recon,3,complete,cosine_auroc,0.7434136024682404,,,runs/baseline_comparison_mmlu_qwen3/mmlu_qwen3/contrastive_logprob_recon/seed_3
training,mmlu,Qwen3-8B,contrastive_logprob_recon,3,complete,mahalanobis_auroc,0.7970452625544182,,,runs/baseline_comparison_mmlu_qwen3/mmlu_qwen3/contrastive_logprob_recon/seed_3
training,mmlu,Qwen3-8B,contrastive_logprob_recon,3,complete,knn_auroc,0.8338014630361545,,,runs/baseline_comparison_mmlu_qwen3/mmlu_qwen3/contrastive_logprob_recon/seed_3
training,mmlu,Qwen3-8B,contrastive_logprob_recon,4,complete,cosine_auroc,0.7386438453014499,,,runs/baseline_comparison_mmlu_qwen3/mmlu_qwen3/contrastive_logprob_recon/seed_4
training,mmlu,Qwen3-8B,contrastive_logprob_recon,4,complete,mahalanobis_auroc,0.8001280308570572,,,runs/baseline_comparison_mmlu_qwen3/mmlu_qwen3/contrastive_logprob_recon/seed_4
training,mmlu,Qwen3-8B,contrastive_logprob_recon,4,complete,knn_auroc,0.8218871991426795,,,runs/baseline_comparison_mmlu_qwen3/mmlu_qwen3/contrastive_logprob_recon/seed_4
training,mmlu,Qwen3-8B,saplma,0,complete,auroc,0.6189096713942196,,,runs/baseline_comparison_mmlu_qwen3/mmlu_qwen3/saplma/seed_0
training,mmlu,Qwen3-8B,saplma,1,complete,auroc,0.658338921177965,,,runs/baseline_comparison_mmlu_qwen3/mmlu_qwen3/saplma/seed_1
training,mmlu,Qwen3-8B,saplma,2,complete,auroc,0.6446672717070038,,,runs/baseline_comparison_mmlu_qwen3/mmlu_qwen3/saplma/seed_2
training,mmlu,Qwen3-8B,saplma,3,complete,auroc,0.6196693481568216,,,runs/baseline_comparison_mmlu_qwen3/mmlu_qwen3/saplma/seed_3
training,mmlu,Qwen3-8B,saplma,4,complete,auroc,0.631369889654418,,,runs/baseline_comparison_mmlu_qwen3/mmlu_qwen3/saplma/seed_4
training,mmlu_qwen3_memmap,Qwen3-8B,contrastive_logprob_recon,0,complete,cosine_auroc,0.7632813764700954,,,runs/baseline_comparison_mmlu_qwen3_memmap/mmlu_qwen3_memmap/contrastive_logprob_recon/seed_0
training,mmlu_qwen3_memmap,Qwen3-8B,contrastive_logprob_recon,0,complete,mahalanobis_auroc,0.7749430058282272,,,runs/baseline_comparison_mmlu_qwen3_memmap/mmlu_qwen3_memmap/contrastive_logprob_recon/seed_0
training,mmlu_qwen3_memmap,Qwen3-8B,contrastive_logprob_recon,0,complete,knn_auroc,0.8204700974055745,,,runs/baseline_comparison_mmlu_qwen3_memmap/mmlu_qwen3_memmap/contrastive_logprob_recon/seed_0
training,mmlu_qwen3_memmap,Qwen3-8B,contrastive_logprob_recon,1,complete,cosine_auroc,0.7831234908491544,,,runs/baseline_comparison_mmlu_qwen3_memmap/mmlu_qwen3_memmap/contrastive_logprob_recon/seed_1
training,mmlu_qwen3_memmap,Qwen3-8B,contrastive_logprob_recon,1,complete,mahalanobis_auroc,0.8063885303646285,,,runs/baseline_comparison_mmlu_qwen3_memmap/mmlu_qwen3_memmap/contrastive_logprob_recon/seed_1
training,mmlu_qwen3_memmap,Qwen3-8B,contrastive_logprob_recon,1,complete,knn_auroc,0.8312983835924059,,,runs/baseline_comparison_mmlu_qwen3_memmap/mmlu_qwen3_memmap/contrastive_logprob_recon/seed_1
training,mmlu_qwen3_memmap,Qwen3-8B,contrastive_logprob_recon,2,complete,cosine_auroc,0.795771531360662,,,runs/baseline_comparison_mmlu_qwen3_memmap/mmlu_qwen3_memmap/contrastive_logprob_recon/seed_2
training,mmlu_qwen3_memmap,Qwen3-8B,contrastive_logprob_recon,2,complete,mahalanobis_auroc,0.8088843147284712,,,runs/baseline_comparison_mmlu_qwen3_memmap/mmlu_qwen3_memmap/contrastive_logprob_recon/seed_2
training,mmlu_qwen3_memmap,Qwen3-8B,contrastive_logprob_recon,2,complete,knn_auroc,0.8370215331800119,,,runs/baseline_comparison_mmlu_qwen3_memmap/mmlu_qwen3_memmap/contrastive_logprob_recon/seed_2
training,mmlu_qwen3_memmap,Qwen3-8B,contrastive_logprob_recon,3,complete,cosine_auroc,0.8102306337467273,,,runs/baseline_comparison_mmlu_qwen3_memmap/mmlu_qwen3_memmap/contrastive_logprob_recon/seed_3
training,mmlu_qwen3_memmap,Qwen3-8B,contrastive_logprob_recon,3,complete,mahalanobis_auroc,0.8219425580255412,,,runs/baseline_comparison_mmlu_qwen3_memmap/mmlu_qwen3_memmap/contrastive_logprob_recon/seed_3
training,mmlu_qwen3_memmap,Qwen3-8B,contrastive_logprob_recon,3,complete,knn_auroc,0.8437556753613269,,,runs/baseline_comparison_mmlu_qwen3_memmap/mmlu_qwen3_memmap/contrastive_logprob_recon/seed_3
training,mmlu_qwen3_memmap,Qwen3-8B,contrastive_logprob_recon,4,complete,cosine_auroc,0.7926230450679684,,,runs/baseline_comparison_mmlu_qwen3_memmap/mmlu_qwen3_memmap/contrastive_logprob_recon/seed_4
training,mmlu_qwen3_memmap,Qwen3-8B,contrastive_logprob_recon,4,complete,mahalanobis_auroc,0.8061801137118023,,,runs/baseline_comparison_mmlu_qwen3_memmap/mmlu_qwen3_memmap/contrastive_logprob_recon/seed_4
training,mmlu_qwen3_memmap,Qwen3-8B,contrastive_logprob_recon,4,complete,knn_auroc,0.8336929312348761,,,runs/baseline_comparison_mmlu_qwen3_memmap/mmlu_qwen3_memmap/contrastive_logprob_recon/seed_4
training,mmlu_qwen3_memmap,Qwen3-8B,saplma,0,complete,auroc,0.6899292264754404,,,runs/baseline_comparison_mmlu_qwen3_memmap/mmlu_qwen3_memmap/saplma/seed_0
training,mmlu_qwen3_memmap,Qwen3-8B,saplma,1,complete,auroc,0.6919308349425821,,,runs/baseline_comparison_mmlu_qwen3_memmap/mmlu_qwen3_memmap/saplma/seed_1
training,mmlu_qwen3_memmap,Qwen3-8B,saplma,2,complete,auroc,0.6754250042087631,,,runs/baseline_comparison_mmlu_qwen3_memmap/mmlu_qwen3_memmap/saplma/seed_2
training,mmlu_qwen3_memmap,Qwen3-8B,saplma,3,complete,auroc,0.6618420603645784,,,runs/baseline_comparison_mmlu_qwen3_memmap/mmlu_qwen3_memmap/saplma/seed_3
training,mmlu_qwen3_memmap,Qwen3-8B,saplma,4,complete,auroc,0.7020775117501711,,,runs/baseline_comparison_mmlu_qwen3_memmap/mmlu_qwen3_memmap/saplma/seed_4
training,nq,Llama-3.1-8B-Instruct,contrastive_logprob_recon,0,complete,cosine_auroc,0.5164969272848019,,,runs/baseline_comparison_nq/nq/contrastive_logprob_recon/seed_0
training,nq,Llama-3.1-8B-Instruct,contrastive_logprob_recon,0,complete,mahalanobis_auroc,0.5526718708251153,,,runs/baseline_comparison_nq/nq/contrastive_logprob_recon/seed_0
training,nq,Llama-3.1-8B-Instruct,contrastive_logprob_recon,0,complete,knn_auroc,0.567637429584765,,,runs/baseline_comparison_nq/nq/contrastive_logprob_recon/seed_0
training,nq,Llama-3.1-8B-Instruct,contrastive_logprob_recon,1,complete,cosine_auroc,0.7277404151574718,,,runs/baseline_comparison_nq/nq/contrastive_logprob_recon/seed_1
training,nq,Llama-3.1-8B-Instruct,contrastive_logprob_recon,1,complete,mahalanobis_auroc,0.7374785331235705,,,runs/baseline_comparison_nq/nq/contrastive_logprob_recon/seed_1
training,nq,Llama-3.1-8B-Instruct,contrastive_logprob_recon,1,complete,knn_auroc,0.7680524096672732,,,runs/baseline_comparison_nq/nq/contrastive_logprob_recon/seed_1
training,nq,Llama-3.1-8B-Instruct,contrastive_logprob_recon,2,complete,cosine_auroc,0.7297748486370405,,,runs/baseline_comparison_nq/nq/contrastive_logprob_recon/seed_2
training,nq,Llama-3.1-8B-Instruct,contrastive_logprob_recon,2,complete,mahalanobis_auroc,0.7382415842637956,,,runs/baseline_comparison_nq/nq/contrastive_logprob_recon/seed_2
training,nq,Llama-3.1-8B-Instruct,contrastive_logprob_recon,2,complete,knn_auroc,0.7695923704864125,,,runs/baseline_comparison_nq/nq/contrastive_logprob_recon/seed_2
training,nq,Llama-3.1-8B-Instruct,contrastive_logprob_recon,3,complete,cosine_auroc,0.7190842333068359,,,runs/baseline_comparison_nq/nq/contrastive_logprob_recon/seed_3
training,nq,Llama-3.1-8B-Instruct,contrastive_logprob_recon,3,complete,mahalanobis_auroc,0.7295949648048552,,,runs/baseline_comparison_nq/nq/contrastive_logprob_recon/seed_3
training,nq,Llama-3.1-8B-Instruct,contrastive_logprob_recon,3,complete,knn_auroc,0.7645182051307636,,,runs/baseline_comparison_nq/nq/contrastive_logprob_recon/seed_3
training,nq,Llama-3.1-8B-Instruct,contrastive_logprob_recon,4,complete,cosine_auroc,0.7235041370509696,,,runs/baseline_comparison_nq/nq/contrastive_logprob_recon/seed_4
training,nq,Llama-3.1-8B-Instruct,contrastive_logprob_recon,4,complete,mahalanobis_auroc,0.7387731978079118,,,runs/baseline_comparison_nq/nq/contrastive_logprob_recon/seed_4
training,nq,Llama-3.1-8B-Instruct,contrastive_logprob_recon,4,complete,knn_auroc,0.7694881542754701,,,runs/baseline_comparison_nq/nq/contrastive_logprob_recon/seed_4
training,nq,Llama-3.1-8B-Instruct,saplma,0,complete,auroc,0.6366009827366954,,,runs/baseline_comparison_nq/nq/saplma/seed_0
training,nq,Llama-3.1-8B-Instruct,saplma,1,complete,auroc,0.6381559107776192,,,runs/baseline_comparison_nq/nq/saplma/seed_1
training,nq,Llama-3.1-8B-Instruct,saplma,2,complete,auroc,0.6394110786266964,,,runs/baseline_comparison_nq/nq/saplma/seed_2
training,nq,Llama-3.1-8B-Instruct,saplma,3,complete,auroc,0.6229501835424864,,,runs/baseline_comparison_nq/nq/saplma/seed_3
training,nq,Llama-3.1-8B-Instruct,saplma,4,complete,auroc,0.6424905845088146,,,runs/baseline_comparison_nq/nq/saplma/seed_4
training,nq_memmap,Llama-3.1-8B-Instruct,contrastive_logprob_recon,0,complete,cosine_auroc,0.7029706784265628,,,runs/baseline_comparison_nq_memmap/nq_memmap/contrastive_logprob_recon/seed_0
training,nq_memmap,Llama-3.1-8B-Instruct,contrastive_logprob_recon,0,complete,mahalanobis_auroc,0.7318333729791193,,,runs/baseline_comparison_nq_memmap/nq_memmap/contrastive_logprob_recon/seed_0
training,nq_memmap,Llama-3.1-8B-Instruct,contrastive_logprob_recon,0,complete,knn_auroc,0.7525901913513703,,,runs/baseline_comparison_nq_memmap/nq_memmap/contrastive_logprob_recon/seed_0
training,nq_memmap,Llama-3.1-8B-Instruct,contrastive_logprob_recon,1,complete,cosine_auroc,0.7058126626953398,,,runs/baseline_comparison_nq_memmap/nq_memmap/contrastive_logprob_recon/seed_1
training,nq_memmap,Llama-3.1-8B-Instruct,contrastive_logprob_recon,1,complete,mahalanobis_auroc,0.7358066680275575,,,runs/baseline_comparison_nq_memmap/nq_memmap/contrastive_logprob_recon/seed_1
training,nq_memmap,Llama-3.1-8B-Instruct,contrastive_logprob_recon,1,complete,knn_auroc,0.7581420072689564,,,runs/baseline_comparison_nq_memmap/nq_memmap/contrastive_logprob_recon/seed_1
training,nq_memmap,Llama-3.1-8B-Instruct,contrastive_logprob_recon,2,complete,cosine_auroc,0.698660253609313,,,runs/baseline_comparison_nq_memmap/nq_memmap/contrastive_logprob_recon/seed_2
training,nq_memmap,Llama-3.1-8B-Instruct,contrastive_logprob_recon,2,complete,mahalanobis_auroc,0.7296525735738623,,,runs/baseline_comparison_nq_memmap/nq_memmap/contrastive_logprob_recon/seed_2
training,nq_memmap,Llama-3.1-8B-Instruct,contrastive_logprob_recon,2,complete,knn_auroc,0.7544070087001411,,,runs/baseline_comparison_nq_memmap/nq_memmap/contrastive_logprob_recon/seed_2
training,nq_memmap,Llama-3.1-8B-Instruct,contrastive_logprob_recon,3,complete,cosine_auroc,0.7081122588706743,,,runs/baseline_comparison_nq_memmap/nq_memmap/contrastive_logprob_recon/seed_3
training,nq_memmap,Llama-3.1-8B-Instruct,contrastive_logprob_recon,3,complete,mahalanobis_auroc,0.7370438414910865,,,runs/baseline_comparison_nq_memmap/nq_memmap/contrastive_logprob_recon/seed_3
training,nq_memmap,Llama-3.1-8B-Instruct,contrastive_logprob_recon,3,complete,knn_auroc,0.7574804006417557,,,runs/baseline_comparison_nq_memmap/nq_memmap/contrastive_logprob_recon/seed_3
training,nq_memmap,Llama-3.1-8B-Instruct,contrastive_logprob_recon,4,complete,cosine_auroc,0.6920422191067945,,,runs/baseline_comparison_nq_memmap/nq_memmap/contrastive_logprob_recon/seed_4
training,nq_memmap,Llama-3.1-8B-Instruct,contrastive_logprob_recon,4,complete,mahalanobis_auroc,0.7184710560456449,,,runs/baseline_comparison_nq_memmap/nq_memmap/contrastive_logprob_recon/seed_4
training,nq_memmap,Llama-3.1-8B-Instruct,contrastive_logprob_recon,4,complete,knn_auroc,0.750800366878167,,,runs/baseline_comparison_nq_memmap/nq_memmap/contrastive_logprob_recon/seed_4
training,nq_memmap,Llama-3.1-8B-Instruct,saplma,0,complete,auroc,0.6082082522844127,,,runs/baseline_comparison_nq_memmap/nq_memmap/saplma/seed_0
training,nq_memmap,Llama-3.1-8B-Instruct,saplma,1,complete,auroc,0.60182823308573,,,runs/baseline_comparison_nq_memmap/nq_memmap/saplma/seed_1
training,nq_memmap,Llama-3.1-8B-Instruct,saplma,2,complete,auroc,0.6159398834920008,,,runs/baseline_comparison_nq_memmap/nq_memmap/saplma/seed_2
training,nq_memmap,Llama-3.1-8B-Instruct,saplma,3,complete,auroc,0.6198137828996759,,,runs/baseline_comparison_nq_memmap/nq_memmap/saplma/seed_3
training,nq_memmap,Llama-3.1-8B-Instruct,saplma,4,complete,auroc,0.609988938544533,,,runs/baseline_comparison_nq_memmap/nq_memmap/saplma/seed_4
training,nq,Qwen3-8B,contrastive_logprob_recon,0,complete,cosine_auroc,0.7788214730777322,,,runs/baseline_comparison_nq_qwen3/nq_qwen3/contrastive_logprob_recon/seed_0
training,nq,Qwen3-8B,contrastive_logprob_recon,0,complete,mahalanobis_auroc,0.7793620223664406,,,runs/baseline_comparison_nq_qwen3/nq_qwen3/contrastive_logprob_recon/seed_0
training,nq,Qwen3-8B,contrastive_logprob_recon,0,complete,knn_auroc,0.793646118241111,,,runs/baseline_comparison_nq_qwen3/nq_qwen3/contrastive_logprob_recon/seed_0
training,nq,Qwen3-8B,contrastive_logprob_recon,1,complete,cosine_auroc,0.7712876078266357,,,runs/baseline_comparison_nq_qwen3/nq_qwen3/contrastive_logprob_recon/seed_1
training,nq,Qwen3-8B,contrastive_logprob_recon,1,complete,mahalanobis_auroc,0.7729760960688796,,,runs/baseline_comparison_nq_qwen3/nq_qwen3/contrastive_logprob_recon/seed_1
training,nq,Qwen3-8B,contrastive_logprob_recon,1,complete,knn_auroc,0.7876677078444383,,,runs/baseline_comparison_nq_qwen3/nq_qwen3/contrastive_logprob_recon/seed_1
training,nq,Qwen3-8B,contrastive_logprob_recon,2,complete,cosine_auroc,0.762441858583243,,,runs/baseline_comparison_nq_qwen3/nq_qwen3/contrastive_logprob_recon/seed_2
training,nq,Qwen3-8B,contrastive_logprob_recon,2,complete,mahalanobis_auroc,0.7674870931719238,,,runs/baseline_comparison_nq_qwen3/nq_qwen3/contrastive_logprob_recon/seed_2
training,nq,Qwen3-8B,contrastive_logprob_recon,2,complete,knn_auroc,0.7913728980886565,,,runs/baseline_comparison_nq_qwen3/nq_qwen3/contrastive_logprob_recon/seed_2
training,nq,Qwen3-8B,contrastive_logprob_recon,3,complete,cosine_auroc,0.7714640146304359,,,runs/baseline_comparison_nq_qwen3/nq_qwen3/contrastive_logprob_recon/seed_3
training,nq,Qwen3-8B,contrastive_logprob_recon,3,complete,mahalanobis_auroc,0.7757633235689201,,,runs/baseline_comparison_nq_qwen3/nq_qwen3/contrastive_logprob_recon/seed_3
training,nq,Qwen3-8B,contrastive_logprob_recon,3,complete,knn_auroc,0.7918441793846801,,,runs/baseline_comparison_nq_qwen3/nq_qwen3/contrastive_logprob_recon/seed_3
training,nq,Qwen3-8B,contrastive_logprob_recon,4,complete,cosine_auroc,0.7655237987344026,,,runs/baseline_comparison_nq_qwen3/nq_qwen3/contrastive_logprob_recon/seed_4
training,nq,Qwen3-8B,contrastive_logprob_recon,4,complete,mahalanobis_auroc,0.7723526841347165,,,runs/baseline_comparison_nq_qwen3/nq_qwen3/contrastive_logprob_recon/seed_4
training,nq,Qwen3-8B,contrastive_logprob_recon,4,complete,knn_auroc,0.7829079609639256,,,runs/baseline_comparison_nq_qwen3/nq_qwen3/contrastive_logprob_recon/seed_4
training,nq,Qwen3-8B,saplma,0,complete,auroc,0.6596879703507097,,,runs/baseline_comparison_nq_qwen3/nq_qwen3/saplma/seed_0
training,nq,Qwen3-8B,saplma,1,complete,auroc,0.6628938807878424,,,runs/baseline_comparison_nq_qwen3/nq_qwen3/saplma/seed_1
training,nq,Qwen3-8B,saplma,2,complete,auroc,0.6606525433329558,,,runs/baseline_comparison_nq_qwen3/nq_qwen3/saplma/seed_2
training,nq,Qwen3-8B,saplma,3,complete,auroc,0.661146967906909,,,runs/baseline_comparison_nq_qwen3/nq_qwen3/saplma/seed_3
training,nq,Qwen3-8B,saplma,4,complete,auroc,0.664819142565829,,,runs/baseline_comparison_nq_qwen3/nq_qwen3/saplma/seed_4
training,nq_qwen3_memmap,Qwen3-8B,contrastive_logprob_recon,0,complete,cosine_auroc,0.8072992615975472,,,runs/baseline_comparison_nq_qwen3_memmap/nq_qwen3_memmap/contrastive_logprob_recon/seed_0
training,nq_qwen3_memmap,Qwen3-8B,contrastive_logprob_recon,0,complete,mahalanobis_auroc,0.8182025293547206,,,runs/baseline_comparison_nq_qwen3_memmap/nq_qwen3_memmap/contrastive_logprob_recon/seed_0
training,nq_qwen3_memmap,Qwen3-8B,contrastive_logprob_recon,0,complete,knn_auroc,0.8384803691932186,,,runs/baseline_comparison_nq_qwen3_memmap/nq_qwen3_memmap/contrastive_logprob_recon/seed_0
training,nq_qwen3_memmap,Qwen3-8B,contrastive_logprob_recon,1,complete,cosine_auroc,0.8068824537927908,,,runs/baseline_comparison_nq_qwen3_memmap/nq_qwen3_memmap/contrastive_logprob_recon/seed_1
training,nq_qwen3_memmap,Qwen3-8B,contrastive_logprob_recon,1,complete,mahalanobis_auroc,0.8223888252266016,,,runs/baseline_comparison_nq_qwen3_memmap/nq_qwen3_memmap/contrastive_logprob_recon/seed_1
training,nq_qwen3_memmap,Qwen3-8B,contrastive_logprob_recon,1,complete,knn_auroc,0.8397984588121017,,,runs/baseline_comparison_nq_qwen3_memmap/nq_qwen3_memmap/contrastive_logprob_recon/seed_1
training,nq_qwen3_memmap,Qwen3-8B,contrastive_logprob_recon,2,complete,cosine_auroc,0.7540727848126607,,,runs/baseline_comparison_nq_qwen3_memmap/nq_qwen3_memmap/contrastive_logprob_recon/seed_2
training,nq_qwen3_memmap,Qwen3-8B,contrastive_logprob_recon,2,complete,mahalanobis_auroc,0.7590054108940187,,,runs/baseline_comparison_nq_qwen3_memmap/nq_qwen3_memmap/contrastive_logprob_recon/seed_2
training,nq_qwen3_memmap,Qwen3-8B,contrastive_logprob_recon,2,complete,knn_auroc,0.7884650341894509,,,runs/baseline_comparison_nq_qwen3_memmap/nq_qwen3_memmap/contrastive_logprob_recon/seed_2
training,nq_qwen3_memmap,Qwen3-8B,contrastive_logprob_recon,3,complete,cosine_auroc,0.7964416384991075,,,runs/baseline_comparison_nq_qwen3_memmap/nq_qwen3_memmap/contrastive_logprob_recon/seed_3
training,nq_qwen3_memmap,Qwen3-8B,contrastive_logprob_recon,3,complete,mahalanobis_auroc,0.8096307427186759,,,runs/baseline_comparison_nq_qwen3_memmap/nq_qwen3_memmap/contrastive_logprob_recon/seed_3
training,nq_qwen3_memmap,Qwen3-8B,contrastive_logprob_recon,3,complete,knn_auroc,0.8307836387121159,,,runs/baseline_comparison_nq_qwen3_memmap/nq_qwen3_memmap/contrastive_logprob_recon/seed_3
training,nq_qwen3_memmap,Qwen3-8B,contrastive_logprob_recon,4,complete,cosine_auroc,0.7812984223764531,,,runs/baseline_comparison_nq_qwen3_memmap/nq_qwen3_memmap/contrastive_logprob_recon/seed_4
training,nq_qwen3_memmap,Qwen3-8B,contrastive_logprob_recon,4,complete,mahalanobis_auroc,0.7868818852365154,,,runs/baseline_comparison_nq_qwen3_memmap/nq_qwen3_memmap/contrastive_logprob_recon/seed_4
training,nq_qwen3_memmap,Qwen3-8B,contrastive_logprob_recon,4,complete,knn_auroc,0.8210160821347607,,,runs/baseline_comparison_nq_qwen3_memmap/nq_qwen3_memmap/contrastive_logprob_recon/seed_4
training,nq_qwen3_memmap,Qwen3-8B,saplma,0,complete,auroc,0.6989366396081926,,,runs/baseline_comparison_nq_qwen3_memmap/nq_qwen3_memmap/saplma/seed_0
training,nq_qwen3_memmap,Qwen3-8B,saplma,1,complete,auroc,0.7103526089926384,,,runs/baseline_comparison_nq_qwen3_memmap/nq_qwen3_memmap/saplma/seed_1
training,nq_qwen3_memmap,Qwen3-8B,saplma,2,complete,auroc,0.7193920531848361,,,runs/baseline_comparison_nq_qwen3_memmap/nq_qwen3_memmap/saplma/seed_2
training,nq_qwen3_memmap,Qwen3-8B,saplma,3,complete,auroc,0.7069608905352998,,,runs/baseline_comparison_nq_qwen3_memmap/nq_qwen3_memmap/saplma/seed_3
training,nq_qwen3_memmap,Qwen3-8B,saplma,4,complete,auroc,0.7124224341095328,,,runs/baseline_comparison_nq_qwen3_memmap/nq_qwen3_memmap/saplma/seed_4
training,popqa,Llama-3.1-8B-Instruct,contrastive,0,complete,cosine_auroc,0.8297602251822344,,,runs/baseline_comparison_popqa/popqa/contrastive/seed_0
training,popqa,Llama-3.1-8B-Instruct,contrastive,0,complete,mahalanobis_auroc,0.8344633940550783,,,runs/baseline_comparison_popqa/popqa/contrastive/seed_0
training,popqa,Llama-3.1-8B-Instruct,contrastive,0,complete,knn_auroc,0.8638097016473713,,,runs/baseline_comparison_popqa/popqa/contrastive/seed_0
training,popqa,Llama-3.1-8B-Instruct,contrastive,1,complete,cosine_auroc,0.8205233273856454,,,runs/baseline_comparison_popqa/popqa/contrastive/seed_1
training,popqa,Llama-3.1-8B-Instruct,contrastive,1,complete,mahalanobis_auroc,0.8293698217076779,,,runs/baseline_comparison_popqa/popqa/contrastive/seed_1
training,popqa,Llama-3.1-8B-Instruct,contrastive,1,complete,knn_auroc,0.8655580452854199,,,runs/baseline_comparison_popqa/popqa/contrastive/seed_1
training,popqa,Llama-3.1-8B-Instruct,contrastive,2,complete,cosine_auroc,0.8177694095190672,,,runs/baseline_comparison_popqa/popqa/contrastive/seed_2
training,popqa,Llama-3.1-8B-Instruct,contrastive,2,complete,mahalanobis_auroc,0.8286892955447667,,,runs/baseline_comparison_popqa/popqa/contrastive/seed_2
training,popqa,Llama-3.1-8B-Instruct,contrastive,2,complete,knn_auroc,0.8622384054663403,,,runs/baseline_comparison_popqa/popqa/contrastive/seed_2
training,popqa,Llama-3.1-8B-Instruct,contrastive,3,complete,cosine_auroc,0.827342420847338,,,runs/baseline_comparison_popqa/popqa/contrastive/seed_3
training,popqa,Llama-3.1-8B-Instruct,contrastive,3,complete,mahalanobis_auroc,0.8344018424000996,,,runs/baseline_comparison_popqa/popqa/contrastive/seed_3
training,popqa,Llama-3.1-8B-Instruct,contrastive,3,complete,knn_auroc,0.8569498042795689,,,runs/baseline_comparison_popqa/popqa/contrastive/seed_3
training,popqa,Llama-3.1-8B-Instruct,contrastive,4,complete,cosine_auroc,0.8141440861999806,,,runs/baseline_comparison_popqa/popqa/contrastive/seed_4
training,popqa,Llama-3.1-8B-Instruct,contrastive,4,complete,mahalanobis_auroc,0.8194600052560963,,,runs/baseline_comparison_popqa/popqa/contrastive/seed_4
training,popqa,Llama-3.1-8B-Instruct,contrastive,4,complete,knn_auroc,0.862909249346446,,,runs/baseline_comparison_popqa/popqa/contrastive/seed_4
training,popqa,Llama-3.1-8B-Instruct,contrastive_logprob_recon,0,complete,cosine_auroc,0.8240736130129881,,,runs/baseline_comparison_popqa/popqa/contrastive_logprob_recon/seed_0
training,popqa,Llama-3.1-8B-Instruct,contrastive_logprob_recon,0,complete,mahalanobis_auroc,0.8112051675726516,,,runs/baseline_comparison_popqa/popqa/contrastive_logprob_recon/seed_0
training,popqa,Llama-3.1-8B-Instruct,contrastive_logprob_recon,0,complete,knn_auroc,0.8596726005228433,,,runs/baseline_comparison_popqa/popqa/contrastive_logprob_recon/seed_0
training,popqa,Llama-3.1-8B-Instruct,contrastive_logprob_recon,1,complete,cosine_auroc,0.8055130226703735,,,runs/baseline_comparison_popqa/popqa/contrastive_logprob_recon/seed_1
training,popqa,Llama-3.1-8B-Instruct,contrastive_logprob_recon,1,complete,mahalanobis_auroc,0.7839986444804071,,,runs/baseline_comparison_popqa/popqa/contrastive_logprob_recon/seed_1
training,popqa,Llama-3.1-8B-Instruct,contrastive_logprob_recon,1,complete,knn_auroc,0.8538217353417153,,,runs/baseline_comparison_popqa/popqa/contrastive_logprob_recon/seed_1
training,popqa,Llama-3.1-8B-Instruct,contrastive_logprob_recon,2,complete,cosine_auroc,0.8147398923883424,,,runs/baseline_comparison_popqa/popqa/contrastive_logprob_recon/seed_2
training,popqa,Llama-3.1-8B-Instruct,contrastive_logprob_recon,2,complete,mahalanobis_auroc,0.8065507559096504,,,runs/baseline_comparison_popqa/popqa/contrastive_logprob_recon/seed_2
training,popqa,Llama-3.1-8B-Instruct,contrastive_logprob_recon,2,complete,knn_auroc,0.8576939568723461,,,runs/baseline_comparison_popqa/popqa/contrastive_logprob_recon/seed_2
training,popqa,Llama-3.1-8B-Instruct,contrastive_logprob_recon,3,complete,cosine_auroc,0.8264544171957342,,,runs/baseline_comparison_popqa/popqa/contrastive_logprob_recon/seed_3
training,popqa,Llama-3.1-8B-Instruct,contrastive_logprob_recon,3,complete,mahalanobis_auroc,0.8161438233951616,,,runs/baseline_comparison_popqa/popqa/contrastive_logprob_recon/seed_3
training,popqa,Llama-3.1-8B-Instruct,contrastive_logprob_recon,3,complete,knn_auroc,0.8565293165691523,,,runs/baseline_comparison_popqa/popqa/contrastive_logprob_recon/seed_3
training,popqa,Llama-3.1-8B-Instruct,contrastive_logprob_recon,4,complete,cosine_auroc,0.8013295849067043,,,runs/baseline_comparison_popqa/popqa/contrastive_logprob_recon/seed_4
training,popqa,Llama-3.1-8B-Instruct,contrastive_logprob_recon,4,complete,mahalanobis_auroc,0.7712851155649612,,,runs/baseline_comparison_popqa/popqa/contrastive_logprob_recon/seed_4
training,popqa,Llama-3.1-8B-Instruct,contrastive_logprob_recon,4,complete,knn_auroc,0.853284368646002,,,runs/baseline_comparison_popqa/popqa/contrastive_logprob_recon/seed_4
training,popqa,Llama-3.1-8B-Instruct,saplma,0,complete,auroc,0.692042892512829,,,runs/baseline_comparison_popqa/popqa/saplma/seed_0
training,popqa,Llama-3.1-8B-Instruct,saplma,1,complete,auroc,0.6919661258420128,,,runs/baseline_comparison_popqa/popqa/saplma/seed_1
training,popqa,Llama-3.1-8B-Instruct,saplma,2,complete,auroc,0.6909764582209497,,,runs/baseline_comparison_popqa/popqa/saplma/seed_2
training,popqa,Llama-3.1-8B-Instruct,saplma,3,complete,auroc,0.6924402119036751,,,runs/baseline_comparison_popqa/popqa/saplma/seed_3
training,popqa,Llama-3.1-8B-Instruct,saplma,4,complete,auroc,0.6846594602818927,,,runs/baseline_comparison_popqa/popqa/saplma/seed_4
training,popqa,Llama-3.1-8B-Instruct,saplma_logprob_recon,0,complete,auroc,0.6914194226593081,,,runs/baseline_comparison_popqa/popqa/saplma_logprob_recon/seed_0
training,popqa,Llama-3.1-8B-Instruct,saplma_logprob_recon,1,complete,auroc,0.7006009931255792,,,runs/baseline_comparison_popqa/popqa/saplma_logprob_recon/seed_1
training,popqa,Llama-3.1-8B-Instruct,saplma_logprob_recon,2,complete,auroc,0.6931273081870617,,,runs/baseline_comparison_popqa/popqa/saplma_logprob_recon/seed_2
training,popqa,Llama-3.1-8B-Instruct,saplma_logprob_recon,3,complete,auroc,0.6909657385507005,,,runs/baseline_comparison_popqa/popqa/saplma_logprob_recon/seed_3
training,popqa,Llama-3.1-8B-Instruct,saplma_logprob_recon,4,complete,auroc,0.6879334550534602,,,runs/baseline_comparison_popqa/popqa/saplma_logprob_recon/seed_4
training,popqa_memmap,Llama-3.1-8B-Instruct,contrastive_logprob_recon,0,complete,cosine_auroc,0.8404630034089482,,,runs/baseline_comparison_popqa_memmap/popqa_memmap/contrastive_logprob_recon/seed_0
training,popqa_memmap,Llama-3.1-8B-Instruct,contrastive_logprob_recon,0,complete,mahalanobis_auroc,0.8334428153666091,,,runs/baseline_comparison_popqa_memmap/popqa_memmap/contrastive_logprob_recon/seed_0
training,popqa_memmap,Llama-3.1-8B-Instruct,contrastive_logprob_recon,0,complete,knn_auroc,0.8771789425480525,,,runs/baseline_comparison_popqa_memmap/popqa_memmap/contrastive_logprob_recon/seed_0
training,popqa_memmap,Llama-3.1-8B-Instruct,contrastive_logprob_recon,1,complete,cosine_auroc,0.8227630375317748,,,runs/baseline_comparison_popqa_memmap/popqa_memmap/contrastive_logprob_recon/seed_1
training,popqa_memmap,Llama-3.1-8B-Instruct,contrastive_logprob_recon,1,complete,mahalanobis_auroc,0.8164694878574977,,,runs/baseline_comparison_popqa_memmap/popqa_memmap/contrastive_logprob_recon/seed_1
training,popqa_memmap,Llama-3.1-8B-Instruct,contrastive_logprob_recon,1,complete,knn_auroc,0.8783059961697961,,,runs/baseline_comparison_popqa_memmap/popqa_memmap/contrastive_logprob_recon/seed_1
training,popqa_memmap,Llama-3.1-8B-Instruct,contrastive_logprob_recon,2,complete,cosine_auroc,0.820508652415107,,,runs/baseline_comparison_popqa_memmap/popqa_memmap/contrastive_logprob_recon/seed_2
training,popqa_memmap,Llama-3.1-8B-Instruct,contrastive_logprob_recon,2,complete,mahalanobis_auroc,0.8125789854516716,,,runs/baseline_comparison_popqa_memmap/popqa_memmap/contrastive_logprob_recon/seed_2
training,popqa_memmap,Llama-3.1-8B-Instruct,contrastive_logprob_recon,2,complete,knn_auroc,0.8731086561941822,,,runs/baseline_comparison_popqa_memmap/popqa_memmap/contrastive_logprob_recon/seed_2
training,popqa_memmap,Llama-3.1-8B-Instruct,contrastive_logprob_recon,3,complete,cosine_auroc,0.840779223088816,,,runs/baseline_comparison_popqa_memmap/popqa_memmap/contrastive_logprob_recon/seed_3
training,popqa_memmap,Llama-3.1-8B-Instruct,contrastive_logprob_recon,3,complete,mahalanobis_auroc,0.8287128580812746,,,runs/baseline_comparison_popqa_memmap/popqa_memmap/contrastive_logprob_recon/seed_3
training,popqa_memmap,Llama-3.1-8B-Instruct,contrastive_logprob_recon,3,complete,knn_auroc,0.8779219754337879,,,runs/baseline_comparison_popqa_memmap/popqa_memmap/contrastive_logprob_recon/seed_3
training,popqa_memmap,Llama-3.1-8B-Instruct,contrastive_logprob_recon,4,complete,cosine_auroc,0.8476907627174219,,,runs/baseline_comparison_popqa_memmap/popqa_memmap/contrastive_logprob_recon/seed_4
training,popqa_memmap,Llama-3.1-8B-Instruct,contrastive_logprob_recon,4,complete,mahalanobis_auroc,0.8340972067076362,,,runs/baseline_comparison_popqa_memmap/popqa_memmap/contrastive_logprob_recon/seed_4
training,popqa_memmap,Llama-3.1-8B-Instruct,contrastive_logprob_recon,4,complete,knn_auroc,0.88014384938829,,,runs/baseline_comparison_popqa_memmap/popqa_memmap/contrastive_logprob_recon/seed_4
training,popqa_memmap,Llama-3.1-8B-Instruct,saplma,0,complete,auroc,0.7214360263690534,,,runs/baseline_comparison_popqa_memmap/popqa_memmap/saplma/seed_0
training,popqa_memmap,Llama-3.1-8B-Instruct,saplma,1,complete,auroc,0.7225061159887117,,,runs/baseline_comparison_popqa_memmap/popqa_memmap/saplma/seed_1
training,popqa_memmap,Llama-3.1-8B-Instruct,saplma,2,complete,auroc,0.7155478936657141,,,runs/baseline_comparison_popqa_memmap/popqa_memmap/saplma/seed_2
training,popqa_memmap,Llama-3.1-8B-Instruct,saplma,3,complete,auroc,0.728572087527829,,,runs/baseline_comparison_popqa_memmap/popqa_memmap/saplma/seed_3
training,popqa_memmap,Llama-3.1-8B-Instruct,saplma,4,complete,auroc,0.7191074491130844,,,runs/baseline_comparison_popqa_memmap/popqa_memmap/saplma/seed_4
training,popqa,Qwen3-8B,contrastive,0,complete,cosine_auroc,0.8771219314655336,,,runs/baseline_comparison_popqa_qwen3/popqa_qwen3/contrastive/seed_0
training,popqa,Qwen3-8B,contrastive,0,complete,mahalanobis_auroc,0.881790862434757,,,runs/baseline_comparison_popqa_qwen3/popqa_qwen3/contrastive/seed_0
training,popqa,Qwen3-8B,contrastive,0,complete,knn_auroc,0.9119553538802201,,,runs/baseline_comparison_popqa_qwen3/popqa_qwen3/contrastive/seed_0
training,popqa,Qwen3-8B,contrastive,1,complete,cosine_auroc,0.8554693678314509,,,runs/baseline_comparison_popqa_qwen3/popqa_qwen3/contrastive/seed_1
training,popqa,Qwen3-8B,contrastive,1,complete,mahalanobis_auroc,0.8752699710394705,,,runs/baseline_comparison_popqa_qwen3/popqa_qwen3/contrastive/seed_1
training,popqa,Qwen3-8B,contrastive,1,complete,knn_auroc,0.9133617939166526,,,runs/baseline_comparison_popqa_qwen3/popqa_qwen3/contrastive/seed_1
training,popqa,Qwen3-8B,contrastive,2,complete,cosine_auroc,0.8554008524540095,,,runs/baseline_comparison_popqa_qwen3/popqa_qwen3/contrastive/seed_2
training,popqa,Qwen3-8B,contrastive,2,complete,mahalanobis_auroc,0.8647799599679307,,,runs/baseline_comparison_popqa_qwen3/popqa_qwen3/contrastive/seed_2
training,popqa,Qwen3-8B,contrastive,2,complete,knn_auroc,0.9087838759114931,,,runs/baseline_comparison_popqa_qwen3/popqa_qwen3/contrastive/seed_2
training,popqa,Qwen3-8B,contrastive,3,complete,cosine_auroc,0.8391869099496599,,,runs/baseline_comparison_popqa_qwen3/popqa_qwen3/contrastive/seed_3
training,popqa,Qwen3-8B,contrastive,3,complete,mahalanobis_auroc,0.8507203318189505,,,runs/baseline_comparison_popqa_qwen3/popqa_qwen3/contrastive/seed_3
training,popqa,Qwen3-8B,contrastive,3,complete,knn_auroc,0.9017353138481509,,,runs/baseline_comparison_popqa_qwen3/popqa_qwen3/contrastive/seed_3
training,popqa,Qwen3-8B,contrastive,4,complete,cosine_auroc,0.8386606027717027,,,runs/baseline_comparison_popqa_qwen3/popqa_qwen3/contrastive/seed_4
training,popqa,Qwen3-8B,contrastive,4,complete,mahalanobis_auroc,0.8492266284162244,,,runs/baseline_comparison_popqa_qwen3/popqa_qwen3/contrastive/seed_4
training,popqa,Qwen3-8B,contrastive,4,complete,knn_auroc,0.905510136185391,,,runs/baseline_comparison_popqa_qwen3/popqa_qwen3/contrastive/seed_4
training,popqa,Qwen3-8B,contrastive_logprob_recon,0,complete,cosine_auroc,0.8909357905242893,,,runs/baseline_comparison_popqa_qwen3/popqa_qwen3/contrastive_logprob_recon/seed_0
training,popqa,Qwen3-8B,contrastive_logprob_recon,0,complete,mahalanobis_auroc,0.8915050476403441,,,runs/baseline_comparison_popqa_qwen3/popqa_qwen3/contrastive_logprob_recon/seed_0
training,popqa,Qwen3-8B,contrastive_logprob_recon,0,complete,knn_auroc,0.9161624025786324,,,runs/baseline_comparison_popqa_qwen3/popqa_qwen3/contrastive_logprob_recon/seed_0
training,popqa,Qwen3-8B,contrastive_logprob_recon,1,complete,cosine_auroc,0.885119482637317,,,runs/baseline_comparison_popqa_qwen3/popqa_qwen3/contrastive_logprob_recon/seed_1
training,popqa,Qwen3-8B,contrastive_logprob_recon,1,complete,mahalanobis_auroc,0.8948994562401489,,,runs/baseline_comparison_popqa_qwen3/popqa_qwen3/contrastive_logprob_recon/seed_1
training,popqa,Qwen3-8B,contrastive_logprob_recon,1,complete,knn_auroc,0.9202590085790797,,,runs/baseline_comparison_popqa_qwen3/popqa_qwen3/contrastive_logprob_recon/seed_1
training,popqa,Qwen3-8B,contrastive_logprob_recon,2,complete,cosine_auroc,0.888620925209841,,,runs/baseline_comparison_popqa_qwen3/popqa_qwen3/contrastive_logprob_recon/seed_2
training,popqa,Qwen3-8B,contrastive_logprob_recon,2,complete,mahalanobis_auroc,0.8962036345192061,,,runs/baseline_comparison_popqa_qwen3/popqa_qwen3/contrastive_logprob_recon/seed_2
training,popqa,Qwen3-8B,contrastive_logprob_recon,2,complete,knn_auroc,0.9177454145827992,,,runs/baseline_comparison_popqa_qwen3/popqa_qwen3/contrastive_logprob_recon/seed_2
training,popqa,Qwen3-8B,contrastive_logprob_recon,3,complete,cosine_auroc,0.8818846023790174,,,runs/baseline_comparison_popqa_qwen3/popqa_qwen3/contrastive_logprob_recon/seed_3
training,popqa,Qwen3-8B,contrastive_logprob_recon,3,complete,mahalanobis_auroc,0.8932878109439168,,,runs/baseline_comparison_popqa_qwen3/popqa_qwen3/contrastive_logprob_recon/seed_3
training,popqa,Qwen3-8B,contrastive_logprob_recon,3,complete,knn_auroc,0.9142671513419469,,,runs/baseline_comparison_popqa_qwen3/popqa_qwen3/contrastive_logprob_recon/seed_3
training,popqa,Qwen3-8B,contrastive_logprob_recon,4,complete,cosine_auroc,0.8941624898419988,,,runs/baseline_comparison_popqa_qwen3/popqa_qwen3/contrastive_logprob_recon/seed_4
training,popqa,Qwen3-8B,contrastive_logprob_recon,4,complete,mahalanobis_auroc,0.8950835274034239,,,runs/baseline_comparison_popqa_qwen3/popqa_qwen3/contrastive_logprob_recon/seed_4
training,popqa,Qwen3-8B,contrastive_logprob_recon,4,complete,knn_auroc,0.9161283153261741,,,runs/baseline_comparison_popqa_qwen3/popqa_qwen3/contrastive_logprob_recon/seed_4
training,popqa,Qwen3-8B,saplma,0,complete,auroc,0.8037085567184612,,,runs/baseline_comparison_popqa_qwen3/popqa_qwen3/saplma/seed_0
training,popqa,Qwen3-8B,saplma,1,complete,auroc,0.8027530910320528,,,runs/baseline_comparison_popqa_qwen3/popqa_qwen3/saplma/seed_1
training,popqa,Qwen3-8B,saplma,2,complete,auroc,0.8085820112024347,,,runs/baseline_comparison_popqa_qwen3/popqa_qwen3/saplma/seed_2
training,popqa,Qwen3-8B,saplma,3,complete,auroc,0.8148210010198906,,,runs/baseline_comparison_popqa_qwen3/popqa_qwen3/saplma/seed_3
training,popqa,Qwen3-8B,saplma,4,complete,auroc,0.8015147011502403,,,runs/baseline_comparison_popqa_qwen3/popqa_qwen3/saplma/seed_4
training,popqa,Qwen3-8B,saplma_logprob_recon,0,complete,auroc,0.7997145533479135,,,runs/baseline_comparison_popqa_qwen3/popqa_qwen3/saplma_logprob_recon/seed_0
training,popqa,Qwen3-8B,saplma_logprob_recon,1,complete,auroc,0.7962990106515846,,,runs/baseline_comparison_popqa_qwen3/popqa_qwen3/saplma_logprob_recon/seed_1
training,popqa,Qwen3-8B,saplma_logprob_recon,2,complete,auroc,0.7932751304860024,,,runs/baseline_comparison_popqa_qwen3/popqa_qwen3/saplma_logprob_recon/seed_2
training,popqa,Qwen3-8B,saplma_logprob_recon,3,complete,auroc,0.8117531482986371,,,runs/baseline_comparison_popqa_qwen3/popqa_qwen3/saplma_logprob_recon/seed_3
training,popqa,Qwen3-8B,saplma_logprob_recon,4,complete,auroc,0.8015239047084042,,,runs/baseline_comparison_popqa_qwen3/popqa_qwen3/saplma_logprob_recon/seed_4
training,popqa_qwen3_memmap,Qwen3-8B,contrastive_logprob_recon,0,complete,cosine_auroc,0.8852542176739244,,,runs/baseline_comparison_popqa_qwen3_memmap/popqa_qwen3_memmap/contrastive_logprob_recon/seed_0
training,popqa_qwen3_memmap,Qwen3-8B,contrastive_logprob_recon,0,complete,mahalanobis_auroc,0.8930876042665277,,,runs/baseline_comparison_popqa_qwen3_memmap/popqa_qwen3_memmap/contrastive_logprob_recon/seed_0
training,popqa_qwen3_memmap,Qwen3-8B,contrastive_logprob_recon,0,complete,knn_auroc,0.9171831500819929,,,runs/baseline_comparison_popqa_qwen3_memmap/popqa_qwen3_memmap/contrastive_logprob_recon/seed_0
training,popqa_qwen3_memmap,Qwen3-8B,contrastive_logprob_recon,1,complete,cosine_auroc,0.9026203560875347,,,runs/baseline_comparison_popqa_qwen3_memmap/popqa_qwen3_memmap/contrastive_logprob_recon/seed_1
training,popqa_qwen3_memmap,Qwen3-8B,contrastive_logprob_recon,1,complete,mahalanobis_auroc,0.9069889312771311,,,runs/baseline_comparison_popqa_qwen3_memmap/popqa_qwen3_memmap/contrastive_logprob_recon/seed_1
training,popqa_qwen3_memmap,Qwen3-8B,contrastive_logprob_recon,1,complete,knn_auroc,0.9244888753877735,,,runs/baseline_comparison_popqa_qwen3_memmap/popqa_qwen3_memmap/contrastive_logprob_recon/seed_1
training,popqa_qwen3_memmap,Qwen3-8B,contrastive_logprob_recon,2,complete,cosine_auroc,0.8903815730815815,,,runs/baseline_comparison_popqa_qwen3_memmap/popqa_qwen3_memmap/contrastive_logprob_recon/seed_2
training,popqa_qwen3_memmap,Qwen3-8B,contrastive_logprob_recon,2,complete,mahalanobis_auroc,0.8980288809898596,,,runs/baseline_comparison_popqa_qwen3_memmap/popqa_qwen3_memmap/contrastive_logprob_recon/seed_2
training,popqa_qwen3_memmap,Qwen3-8B,contrastive_logprob_recon,2,complete,knn_auroc,0.9232126254716074,,,runs/baseline_comparison_popqa_qwen3_memmap/popqa_qwen3_memmap/contrastive_logprob_recon/seed_2
training,popqa_qwen3_memmap,Qwen3-8B,contrastive_logprob_recon,3,complete,cosine_auroc,0.8975567802995934,,,runs/baseline_comparison_popqa_qwen3_memmap/popqa_qwen3_memmap/contrastive_logprob_recon/seed_3
training,popqa_qwen3_memmap,Qwen3-8B,contrastive_logprob_recon,3,complete,mahalanobis_auroc,0.9053727425630991,,,runs/baseline_comparison_popqa_qwen3_memmap/popqa_qwen3_memmap/contrastive_logprob_recon/seed_3
training,popqa_qwen3_memmap,Qwen3-8B,contrastive_logprob_recon,3,complete,knn_auroc,0.9208448892798953,,,runs/baseline_comparison_popqa_qwen3_memmap/popqa_qwen3_memmap/contrastive_logprob_recon/seed_3
training,popqa_qwen3_memmap,Qwen3-8B,contrastive_logprob_recon,4,complete,cosine_auroc,0.8905285292156685,,,runs/baseline_comparison_popqa_qwen3_memmap/popqa_qwen3_memmap/contrastive_logprob_recon/seed_4
training,popqa_qwen3_memmap,Qwen3-8B,contrastive_logprob_recon,4,complete,mahalanobis_auroc,0.8936090190957496,,,runs/baseline_comparison_popqa_qwen3_memmap/popqa_qwen3_memmap/contrastive_logprob_recon/seed_4
training,popqa_qwen3_memmap,Qwen3-8B,contrastive_logprob_recon,4,complete,knn_auroc,0.9196725278164619,,,runs/baseline_comparison_popqa_qwen3_memmap/popqa_qwen3_memmap/contrastive_logprob_recon/seed_4
training,popqa_qwen3_memmap,Qwen3-8B,saplma,0,complete,auroc,0.8152445784035632,,,runs/baseline_comparison_popqa_qwen3_memmap/popqa_qwen3_memmap/saplma/seed_0
training,popqa_qwen3_memmap,Qwen3-8B,saplma,1,complete,auroc,0.8141826806113901,,,runs/baseline_comparison_popqa_qwen3_memmap/popqa_qwen3_memmap/saplma/seed_1
training,popqa_qwen3_memmap,Qwen3-8B,saplma,2,complete,auroc,0.8112895844593395,,,runs/baseline_comparison_popqa_qwen3_memmap/popqa_qwen3_memmap/saplma/seed_2
training,popqa_qwen3_memmap,Qwen3-8B,saplma,3,complete,auroc,0.8137661405176801,,,runs/baseline_comparison_popqa_qwen3_memmap/popqa_qwen3_memmap/saplma/seed_3
training,popqa_qwen3_memmap,Qwen3-8B,saplma,4,complete,auroc,0.8076071333230759,,,runs/baseline_comparison_popqa_qwen3_memmap/popqa_qwen3_memmap/saplma/seed_4
training,sciq,Llama-3.1-8B-Instruct,contrastive_logprob_recon,0,complete,cosine_auroc,0.7225060268625876,,,runs/baseline_comparison_sciq/sciq/contrastive_logprob_recon/seed_0
training,sciq,Llama-3.1-8B-Instruct,contrastive_logprob_recon,0,complete,mahalanobis_auroc,0.7510260016071633,,,runs/baseline_comparison_sciq/sciq/contrastive_logprob_recon/seed_0
training,sciq,Llama-3.1-8B-Instruct,contrastive_logprob_recon,0,complete,knn_auroc,0.7536304672253472,,,runs/baseline_comparison_sciq/sciq/contrastive_logprob_recon/seed_0
training,sciq,Llama-3.1-8B-Instruct,contrastive_logprob_recon,1,complete,cosine_auroc,0.7360090689932269,,,runs/baseline_comparison_sciq/sciq/contrastive_logprob_recon/seed_1
training,sciq,Llama-3.1-8B-Instruct,contrastive_logprob_recon,1,complete,mahalanobis_auroc,0.7460825393181034,,,runs/baseline_comparison_sciq/sciq/contrastive_logprob_recon/seed_1
training,sciq,Llama-3.1-8B-Instruct,contrastive_logprob_recon,1,complete,knn_auroc,0.7620178509929973,,,runs/baseline_comparison_sciq/sciq/contrastive_logprob_recon/seed_1
training,sciq,Llama-3.1-8B-Instruct,contrastive_logprob_recon,2,complete,cosine_auroc,0.7180325163586271,,,runs/baseline_comparison_sciq/sciq/contrastive_logprob_recon/seed_2
training,sciq,Llama-3.1-8B-Instruct,contrastive_logprob_recon,2,complete,mahalanobis_auroc,0.7381973940994145,,,runs/baseline_comparison_sciq/sciq/contrastive_logprob_recon/seed_2
training,sciq,Llama-3.1-8B-Instruct,contrastive_logprob_recon,2,complete,knn_auroc,0.7535874182068649,,,runs/baseline_comparison_sciq/sciq/contrastive_logprob_recon/seed_2
training,sciq,Llama-3.1-8B-Instruct,contrastive_logprob_recon,3,complete,cosine_auroc,0.7230907760303065,,,runs/baseline_comparison_sciq/sciq/contrastive_logprob_recon/seed_3
training,sciq,Llama-3.1-8B-Instruct,contrastive_logprob_recon,3,complete,mahalanobis_auroc,0.7384126391918263,,,runs/baseline_comparison_sciq/sciq/contrastive_logprob_recon/seed_3
training,sciq,Llama-3.1-8B-Instruct,contrastive_logprob_recon,3,complete,knn_auroc,0.7475677304557456,,,runs/baseline_comparison_sciq/sciq/contrastive_logprob_recon/seed_3
training,sciq,Llama-3.1-8B-Instruct,contrastive_logprob_recon,4,complete,cosine_auroc,0.7323821891860866,,,runs/baseline_comparison_sciq/sciq/contrastive_logprob_recon/seed_4
training,sciq,Llama-3.1-8B-Instruct,contrastive_logprob_recon,4,complete,mahalanobis_auroc,0.7492394673401447,,,runs/baseline_comparison_sciq/sciq/contrastive_logprob_recon/seed_4
training,sciq,Llama-3.1-8B-Instruct,contrastive_logprob_recon,4,complete,knn_auroc,0.7692716106072781,,,runs/baseline_comparison_sciq/sciq/contrastive_logprob_recon/seed_4
training,sciq,Llama-3.1-8B-Instruct,saplma,0,complete,auroc,0.5677555676730571,,,runs/baseline_comparison_sciq/sciq/saplma/seed_0
training,sciq,Llama-3.1-8B-Instruct,saplma,1,complete,auroc,0.6031956721386753,,,runs/baseline_comparison_sciq/sciq/saplma/seed_1
training,sciq,Llama-3.1-8B-Instruct,saplma,2,complete,auroc,0.5662273275169326,,,runs/baseline_comparison_sciq/sciq/saplma/seed_2
training,sciq,Llama-3.1-8B-Instruct,saplma,3,complete,auroc,0.5803653426701871,,,runs/baseline_comparison_sciq/sciq/saplma/seed_3
training,sciq,Llama-3.1-8B-Instruct,saplma,4,complete,auroc,0.5640856388474342,,,runs/baseline_comparison_sciq/sciq/saplma/seed_4
training,sciq_memmap,Llama-3.1-8B-Instruct,contrastive_logprob_recon,0,complete,cosine_auroc,0.7274926961780936,,,runs/baseline_comparison_sciq_memmap/sciq_memmap/contrastive_logprob_recon/seed_0
training,sciq_memmap,Llama-3.1-8B-Instruct,contrastive_logprob_recon,0,complete,mahalanobis_auroc,0.7528531889084416,,,runs/baseline_comparison_sciq_memmap/sciq_memmap/contrastive_logprob_recon/seed_0
training,sciq_memmap,Llama-3.1-8B-Instruct,contrastive_logprob_recon,0,complete,knn_auroc,0.7646845261485367,,,runs/baseline_comparison_sciq_memmap/sciq_memmap/contrastive_logprob_recon/seed_0
training,sciq_memmap,Llama-3.1-8B-Instruct,contrastive_logprob_recon,1,complete,cosine_auroc,0.7313261348687021,,,runs/baseline_comparison_sciq_memmap/sciq_memmap/contrastive_logprob_recon/seed_1
training,sciq_memmap,Llama-3.1-8B-Instruct,contrastive_logprob_recon,1,complete,mahalanobis_auroc,0.7486075754728264,,,runs/baseline_comparison_sciq_memmap/sciq_memmap/contrastive_logprob_recon/seed_1
training,sciq_memmap,Llama-3.1-8B-Instruct,contrastive_logprob_recon,1,complete,knn_auroc,0.7707027045497258,,,runs/baseline_comparison_sciq_memmap/sciq_memmap/contrastive_logprob_recon/seed_1
training,sciq_memmap,Llama-3.1-8B-Instruct,contrastive_logprob_recon,2,complete,cosine_auroc,0.7272641847909654,,,runs/baseline_comparison_sciq_memmap/sciq_memmap/contrastive_logprob_recon/seed_2
training,sciq_memmap,Llama-3.1-8B-Instruct,contrastive_logprob_recon,2,complete,mahalanobis_auroc,0.751460764381268,,,runs/baseline_comparison_sciq_memmap/sciq_memmap/contrastive_logprob_recon/seed_2
training,sciq_memmap,Llama-3.1-8B-Instruct,contrastive_logprob_recon,2,complete,knn_auroc,0.768930139584152,,,runs/baseline_comparison_sciq_memmap/sciq_memmap/contrastive_logprob_recon/seed_2
training,sciq_memmap,Llama-3.1-8B-Instruct,contrastive_logprob_recon,3,complete,cosine_auroc,0.7358387008593736,,,runs/baseline_comparison_sciq_memmap/sciq_memmap/contrastive_logprob_recon/seed_3
training,sciq_memmap,Llama-3.1-8B-Instruct,contrastive_logprob_recon,3,complete,mahalanobis_auroc,0.7470955562009876,,,runs/baseline_comparison_sciq_memmap/sciq_memmap/contrastive_logprob_recon/seed_3
training,sciq_memmap,Llama-3.1-8B-Instruct,contrastive_logprob_recon,3,complete,knn_auroc,0.7576668773812167,,,runs/baseline_comparison_sciq_memmap/sciq_memmap/contrastive_logprob_recon/seed_3
training,sciq_memmap,Llama-3.1-8B-Instruct,contrastive_logprob_recon,4,complete,cosine_auroc,0.741455382617758,,,runs/baseline_comparison_sciq_memmap/sciq_memmap/contrastive_logprob_recon/seed_4
training,sciq_memmap,Llama-3.1-8B-Instruct,contrastive_logprob_recon,4,complete,mahalanobis_auroc,0.7578163708120483,,,runs/baseline_comparison_sciq_memmap/sciq_memmap/contrastive_logprob_recon/seed_4
training,sciq_memmap,Llama-3.1-8B-Instruct,contrastive_logprob_recon,4,complete,knn_auroc,0.7811971433940988,,,runs/baseline_comparison_sciq_memmap/sciq_memmap/contrastive_logprob_recon/seed_4
training,sciq_memmap,Llama-3.1-8B-Instruct,saplma,0,complete,auroc,0.5764488049068015,,,runs/baseline_comparison_sciq_memmap/sciq_memmap/saplma/seed_0
training,sciq_memmap,Llama-3.1-8B-Instruct,saplma,1,complete,auroc,0.5801562419914233,,,runs/baseline_comparison_sciq_memmap/sciq_memmap/saplma/seed_1
training,sciq_memmap,Llama-3.1-8B-Instruct,saplma,2,complete,auroc,0.59251721310075,,,runs/baseline_comparison_sciq_memmap/sciq_memmap/saplma/seed_2
training,sciq_memmap,Llama-3.1-8B-Instruct,saplma,3,complete,auroc,0.5682501580359126,,,runs/baseline_comparison_sciq_memmap/sciq_memmap/saplma/seed_3
training,sciq_memmap,Llama-3.1-8B-Instruct,saplma,4,complete,auroc,0.5714813517623141,,,runs/baseline_comparison_sciq_memmap/sciq_memmap/saplma/seed_4
training,sciq,Qwen3-8B,contrastive_logprob_recon,0,complete,cosine_auroc,0.7934204774595655,,,runs/baseline_comparison_sciq_qwen3/sciq_qwen3/contrastive_logprob_recon/seed_0
training,sciq,Qwen3-8B,contrastive_logprob_recon,0,complete,mahalanobis_auroc,0.8015097461351532,,,runs/baseline_comparison_sciq_qwen3/sciq_qwen3/contrastive_logprob_recon/seed_0
training,sciq,Qwen3-8B,contrastive_logprob_recon,0,complete,knn_auroc,0.8007153902919374,,,runs/baseline_comparison_sciq_qwen3/sciq_qwen3/contrastive_logprob_recon/seed_0
training,sciq,Qwen3-8B,contrastive_logprob_recon,1,complete,cosine_auroc,0.8030068013781368,,,runs/baseline_comparison_sciq_qwen3/sciq_qwen3/contrastive_logprob_recon/seed_1
training,sciq,Qwen3-8B,contrastive_logprob_recon,1,complete,mahalanobis_auroc,0.8070890383593965,,,runs/baseline_comparison_sciq_qwen3/sciq_qwen3/contrastive_logprob_recon/seed_1
training,sciq,Qwen3-8B,contrastive_logprob_recon,1,complete,knn_auroc,0.8036436961518395,,,runs/baseline_comparison_sciq_qwen3/sciq_qwen3/contrastive_logprob_recon/seed_1
training,sciq,Qwen3-8B,contrastive_logprob_recon,2,complete,cosine_auroc,0.8067811667160202,,,runs/baseline_comparison_sciq_qwen3/sciq_qwen3/contrastive_logprob_recon/seed_2
training,sciq,Qwen3-8B,contrastive_logprob_recon,2,complete,mahalanobis_auroc,0.8057306428641934,,,runs/baseline_comparison_sciq_qwen3/sciq_qwen3/contrastive_logprob_recon/seed_2
training,sciq,Qwen3-8B,contrastive_logprob_recon,2,complete,knn_auroc,0.8023464049522682,,,runs/baseline_comparison_sciq_qwen3/sciq_qwen3/contrastive_logprob_recon/seed_2
training,sciq,Qwen3-8B,contrastive_logprob_recon,3,complete,cosine_auroc,0.811081969062425,,,runs/baseline_comparison_sciq_qwen3/sciq_qwen3/contrastive_logprob_recon/seed_3
training,sciq,Qwen3-8B,contrastive_logprob_recon,3,complete,mahalanobis_auroc,0.8139562211223449,,,runs/baseline_comparison_sciq_qwen3/sciq_qwen3/contrastive_logprob_recon/seed_3
training,sciq,Qwen3-8B,contrastive_logprob_recon,3,complete,knn_auroc,0.8133404778355918,,,runs/baseline_comparison_sciq_qwen3/sciq_qwen3/contrastive_logprob_recon/seed_3
training,sciq,Qwen3-8B,contrastive_logprob_recon,4,complete,cosine_auroc,0.8009104540049166,,,runs/baseline_comparison_sciq_qwen3/sciq_qwen3/contrastive_logprob_recon/seed_4
training,sciq,Qwen3-8B,contrastive_logprob_recon,4,complete,mahalanobis_auroc,0.810167754793162,,,runs/baseline_comparison_sciq_qwen3/sciq_qwen3/contrastive_logprob_recon/seed_4
training,sciq,Qwen3-8B,contrastive_logprob_recon,4,complete,knn_auroc,0.8138857161658466,,,runs/baseline_comparison_sciq_qwen3/sciq_qwen3/contrastive_logprob_recon/seed_4
training,sciq,Qwen3-8B,saplma,0,complete,auroc,0.6104648156765421,,,runs/baseline_comparison_sciq_qwen3/sciq_qwen3/saplma/seed_0
training,sciq,Qwen3-8B,saplma,1,complete,auroc,0.6114072319284046,,,runs/baseline_comparison_sciq_qwen3/sciq_qwen3/saplma/seed_1
training,sciq,Qwen3-8B,saplma,2,complete,auroc,0.6201709980211609,,,runs/baseline_comparison_sciq_qwen3/sciq_qwen3/saplma/seed_2
training,sciq,Qwen3-8B,saplma,3,complete,auroc,0.6341309794078525,,,runs/baseline_comparison_sciq_qwen3/sciq_qwen3/saplma/seed_3
training,sciq,Qwen3-8B,saplma,4,complete,auroc,0.6156915831182932,,,runs/baseline_comparison_sciq_qwen3/sciq_qwen3/saplma/seed_4
training,sciq_qwen3_memmap,Qwen3-8B,contrastive_logprob_recon,0,complete,cosine_auroc,0.8098279971473613,,,runs/baseline_comparison_sciq_qwen3_memmap/sciq_qwen3_memmap/contrastive_logprob_recon/seed_0
training,sciq_qwen3_memmap,Qwen3-8B,contrastive_logprob_recon,0,complete,mahalanobis_auroc,0.8133914495908715,,,runs/baseline_comparison_sciq_qwen3_memmap/sciq_qwen3_memmap/contrastive_logprob_recon/seed_0
training,sciq_qwen3_memmap,Qwen3-8B,contrastive_logprob_recon,0,complete,knn_auroc,0.8125234591997599,,,runs/baseline_comparison_sciq_qwen3_memmap/sciq_qwen3_memmap/contrastive_logprob_recon/seed_0
training,sciq_qwen3_memmap,Qwen3-8B,contrastive_logprob_recon,1,complete,cosine_auroc,0.8068346032580137,,,runs/baseline_comparison_sciq_qwen3_memmap/sciq_qwen3_memmap/contrastive_logprob_recon/seed_1
training,sciq_qwen3_memmap,Qwen3-8B,contrastive_logprob_recon,1,complete,mahalanobis_auroc,0.8148506118159298,,,runs/baseline_comparison_sciq_qwen3_memmap/sciq_qwen3_memmap/contrastive_logprob_recon/seed_1
training,sciq_qwen3_memmap,Qwen3-8B,contrastive_logprob_recon,1,complete,knn_auroc,0.8110314540950379,,,runs/baseline_comparison_sciq_qwen3_memmap/sciq_qwen3_memmap/contrastive_logprob_recon/seed_1
training,sciq_qwen3_memmap,Qwen3-8B,contrastive_logprob_recon,2,complete,cosine_auroc,0.809234479393439,,,runs/baseline_comparison_sciq_qwen3_memmap/sciq_qwen3_memmap/contrastive_logprob_recon/seed_2
training,sciq_qwen3_memmap,Qwen3-8B,contrastive_logprob_recon,2,complete,mahalanobis_auroc,0.8143861196606861,,,runs/baseline_comparison_sciq_qwen3_memmap/sciq_qwen3_memmap/contrastive_logprob_recon/seed_2
training,sciq_qwen3_memmap,Qwen3-8B,contrastive_logprob_recon,2,complete,knn_auroc,0.811341115531867,,,runs/baseline_comparison_sciq_qwen3_memmap/sciq_qwen3_memmap/contrastive_logprob_recon/seed_2
training,sciq_qwen3_memmap,Qwen3-8B,contrastive_logprob_recon,3,complete,cosine_auroc,0.8216584715862174,,,runs/baseline_comparison_sciq_qwen3_memmap/sciq_qwen3_memmap/contrastive_logprob_recon/seed_3
training,sciq_qwen3_memmap,Qwen3-8B,contrastive_logprob_recon,3,complete,mahalanobis_auroc,0.8198802642444261,,,runs/baseline_comparison_sciq_qwen3_memmap/sciq_qwen3_memmap/contrastive_logprob_recon/seed_3
training,sciq_qwen3_memmap,Qwen3-8B,contrastive_logprob_recon,3,complete,knn_auroc,0.8180176037834997,,,runs/baseline_comparison_sciq_qwen3_memmap/sciq_qwen3_memmap/contrastive_logprob_recon/seed_3
training,sciq_qwen3_memmap,Qwen3-8B,contrastive_logprob_recon,4,complete,cosine_auroc,0.8216936603858569,,,runs/baseline_comparison_sciq_qwen3_memmap/sciq_qwen3_memmap/contrastive_logprob_recon/seed_4
training,sciq_qwen3_memmap,Qwen3-8B,contrastive_logprob_recon,4,complete,mahalanobis_auroc,0.8273074468883718,,,runs/baseline_comparison_sciq_qwen3_memmap/sciq_qwen3_memmap/contrastive_logprob_recon/seed_4
training,sciq_qwen3_memmap,Qwen3-8B,contrastive_logprob_recon,4,complete,knn_auroc,0.8275654980857293,,,runs/baseline_comparison_sciq_qwen3_memmap/sciq_qwen3_memmap/contrastive_logprob_recon/seed_4
training,sciq_qwen3_memmap,Qwen3-8B,saplma,0,complete,auroc,0.6154872944974101,,,runs/baseline_comparison_sciq_qwen3_memmap/sciq_qwen3_memmap/saplma/seed_0
training,sciq_qwen3_memmap,Qwen3-8B,saplma,1,complete,auroc,0.6182789392688236,,,runs/baseline_comparison_sciq_qwen3_memmap/sciq_qwen3_memmap/saplma/seed_1
training,sciq_qwen3_memmap,Qwen3-8B,saplma,2,complete,auroc,0.6390239096163951,,,runs/baseline_comparison_sciq_qwen3_memmap/sciq_qwen3_memmap/saplma/seed_2
training,sciq_qwen3_memmap,Qwen3-8B,saplma,3,complete,auroc,0.6395845844906539,,,runs/baseline_comparison_sciq_qwen3_memmap/sciq_qwen3_memmap/saplma/seed_3
training,sciq_qwen3_memmap,Qwen3-8B,saplma,4,complete,auroc,0.6216077997147362,,,runs/baseline_comparison_sciq_qwen3_memmap/sciq_qwen3_memmap/saplma/seed_4
training,searchqa,Llama-3.1-8B-Instruct,contrastive_logprob_recon,0,complete,cosine_auroc,0.7814536559342685,,,runs/baseline_comparison_searchqa/searchqa/contrastive_logprob_recon/seed_0
training,searchqa,Llama-3.1-8B-Instruct,contrastive_logprob_recon,0,complete,mahalanobis_auroc,0.809446334492391,,,runs/baseline_comparison_searchqa/searchqa/contrastive_logprob_recon/seed_0
training,searchqa,Llama-3.1-8B-Instruct,contrastive_logprob_recon,0,complete,knn_auroc,0.8069565090815325,,,runs/baseline_comparison_searchqa/searchqa/contrastive_logprob_recon/seed_0
training,searchqa,Llama-3.1-8B-Instruct,contrastive_logprob_recon,1,complete,cosine_auroc,0.7885903370672043,,,runs/baseline_comparison_searchqa/searchqa/contrastive_logprob_recon/seed_1
training,searchqa,Llama-3.1-8B-Instruct,contrastive_logprob_recon,1,complete,mahalanobis_auroc,0.809481168614657,,,runs/baseline_comparison_searchqa/searchqa/contrastive_logprob_recon/seed_1
training,searchqa,Llama-3.1-8B-Instruct,contrastive_logprob_recon,1,complete,knn_auroc,0.8074354943961788,,,runs/baseline_comparison_searchqa/searchqa/contrastive_logprob_recon/seed_1
training,searchqa,Llama-3.1-8B-Instruct,contrastive_logprob_recon,2,complete,cosine_auroc,0.7844324891128245,,,runs/baseline_comparison_searchqa/searchqa/contrastive_logprob_recon/seed_2
training,searchqa,Llama-3.1-8B-Instruct,contrastive_logprob_recon,2,complete,mahalanobis_auroc,0.8143414983209203,,,runs/baseline_comparison_searchqa/searchqa/contrastive_logprob_recon/seed_2
training,searchqa,Llama-3.1-8B-Instruct,contrastive_logprob_recon,2,complete,knn_auroc,0.8121143261514875,,,runs/baseline_comparison_searchqa/searchqa/contrastive_logprob_recon/seed_2
training,searchqa,Llama-3.1-8B-Instruct,contrastive_logprob_recon,3,complete,cosine_auroc,0.7911044600631421,,,runs/baseline_comparison_searchqa/searchqa/contrastive_logprob_recon/seed_3
training,searchqa,Llama-3.1-8B-Instruct,contrastive_logprob_recon,3,complete,mahalanobis_auroc,0.8074398991128041,,,runs/baseline_comparison_searchqa/searchqa/contrastive_logprob_recon/seed_3
training,searchqa,Llama-3.1-8B-Instruct,contrastive_logprob_recon,3,complete,knn_auroc,0.8040907437865089,,,runs/baseline_comparison_searchqa/searchqa/contrastive_logprob_recon/seed_3
training,searchqa,Llama-3.1-8B-Instruct,contrastive_logprob_recon,4,complete,cosine_auroc,0.7897605445973697,,,runs/baseline_comparison_searchqa/searchqa/contrastive_logprob_recon/seed_4
training,searchqa,Llama-3.1-8B-Instruct,contrastive_logprob_recon,4,complete,mahalanobis_auroc,0.8059203517242025,,,runs/baseline_comparison_searchqa/searchqa/contrastive_logprob_recon/seed_4
training,searchqa,Llama-3.1-8B-Instruct,contrastive_logprob_recon,4,complete,knn_auroc,0.8032874052900062,,,runs/baseline_comparison_searchqa/searchqa/contrastive_logprob_recon/seed_4
training,searchqa,Llama-3.1-8B-Instruct,saplma,0,complete,auroc,0.6249579637777543,,,runs/baseline_comparison_searchqa/searchqa/saplma/seed_0
training,searchqa,Llama-3.1-8B-Instruct,saplma,1,complete,auroc,0.6244762953814388,,,runs/baseline_comparison_searchqa/searchqa/saplma/seed_1
training,searchqa,Llama-3.1-8B-Instruct,saplma,2,complete,auroc,0.6188079326060987,,,runs/baseline_comparison_searchqa/searchqa/saplma/seed_2
training,searchqa,Llama-3.1-8B-Instruct,saplma,3,complete,auroc,0.6290418383064162,,,runs/baseline_comparison_searchqa/searchqa/saplma/seed_3
training,searchqa,Llama-3.1-8B-Instruct,saplma,4,complete,auroc,0.6246187645023409,,,runs/baseline_comparison_searchqa/searchqa/saplma/seed_4
training,searchqa_memmap,Llama-3.1-8B-Instruct,contrastive_logprob_recon,0,complete,cosine_auroc,0.782956660830293,,,runs/baseline_comparison_searchqa_memmap/searchqa_memmap/contrastive_logprob_recon/seed_0
training,searchqa_memmap,Llama-3.1-8B-Instruct,contrastive_logprob_recon,0,complete,mahalanobis_auroc,0.7996092420223565,,,runs/baseline_comparison_searchqa_memmap/searchqa_memmap/contrastive_logprob_recon/seed_0
training,searchqa_memmap,Llama-3.1-8B-Instruct,contrastive_logprob_recon,0,complete,knn_auroc,0.8037349104884137,,,runs/baseline_comparison_searchqa_memmap/searchqa_memmap/contrastive_logprob_recon/seed_0
training,searchqa_memmap,Llama-3.1-8B-Instruct,contrastive_logprob_recon,1,complete,cosine_auroc,0.7880673201614099,,,runs/baseline_comparison_searchqa_memmap/searchqa_memmap/contrastive_logprob_recon/seed_1
training,searchqa_memmap,Llama-3.1-8B-Instruct,contrastive_logprob_recon,1,complete,mahalanobis_auroc,0.80378342176078,,,runs/baseline_comparison_searchqa_memmap/searchqa_memmap/contrastive_logprob_recon/seed_1
training,searchqa_memmap,Llama-3.1-8B-Instruct,contrastive_logprob_recon,1,complete,knn_auroc,0.8090216668091091,,,runs/baseline_comparison_searchqa_memmap/searchqa_memmap/contrastive_logprob_recon/seed_1
training,searchqa_memmap,Llama-3.1-8B-Instruct,contrastive_logprob_recon,2,complete,cosine_auroc,0.7870326528967359,,,runs/baseline_comparison_searchqa_memmap/searchqa_memmap/contrastive_logprob_recon/seed_2
training,searchqa_memmap,Llama-3.1-8B-Instruct,contrastive_logprob_recon,2,complete,mahalanobis_auroc,0.7991295351464404,,,runs/baseline_comparison_searchqa_memmap/searchqa_memmap/contrastive_logprob_recon/seed_2
training,searchqa_memmap,Llama-3.1-8B-Instruct,contrastive_logprob_recon,2,complete,knn_auroc,0.8051439648361856,,,runs/baseline_comparison_searchqa_memmap/searchqa_memmap/contrastive_logprob_recon/seed_2
training,searchqa_memmap,Llama-3.1-8B-Instruct,contrastive_logprob_recon,3,complete,cosine_auroc,0.7851501970675666,,,runs/baseline_comparison_searchqa_memmap/searchqa_memmap/contrastive_logprob_recon/seed_3
training,searchqa_memmap,Llama-3.1-8B-Instruct,contrastive_logprob_recon,3,complete,mahalanobis_auroc,0.802041016796954,,,runs/baseline_comparison_searchqa_memmap/searchqa_memmap/contrastive_logprob_recon/seed_3
training,searchqa_memmap,Llama-3.1-8B-Instruct,contrastive_logprob_recon,3,complete,knn_auroc,0.8080182566529965,,,runs/baseline_comparison_searchqa_memmap/searchqa_memmap/contrastive_logprob_recon/seed_3
training,searchqa_memmap,Llama-3.1-8B-Instruct,contrastive_logprob_recon,4,complete,cosine_auroc,0.7814896756703816,,,runs/baseline_comparison_searchqa_memmap/searchqa_memmap/contrastive_logprob_recon/seed_4
training,searchqa_memmap,Llama-3.1-8B-Instruct,contrastive_logprob_recon,4,complete,mahalanobis_auroc,0.799296743757197,,,runs/baseline_comparison_searchqa_memmap/searchqa_memmap/contrastive_logprob_recon/seed_4
training,searchqa_memmap,Llama-3.1-8B-Instruct,contrastive_logprob_recon,4,complete,knn_auroc,0.8048736296133128,,,runs/baseline_comparison_searchqa_memmap/searchqa_memmap/contrastive_logprob_recon/seed_4
training,searchqa_memmap,Llama-3.1-8B-Instruct,saplma,0,complete,auroc,0.6103003648356098,,,runs/baseline_comparison_searchqa_memmap/searchqa_memmap/saplma/seed_0
training,searchqa_memmap,Llama-3.1-8B-Instruct,saplma,1,complete,auroc,0.6127918952172281,,,runs/baseline_comparison_searchqa_memmap/searchqa_memmap/saplma/seed_1
training,searchqa_memmap,Llama-3.1-8B-Instruct,saplma,2,complete,auroc,0.6056875446732062,,,runs/baseline_comparison_searchqa_memmap/searchqa_memmap/saplma/seed_2
training,searchqa_memmap,Llama-3.1-8B-Instruct,saplma,3,complete,auroc,0.6112594273358455,,,runs/baseline_comparison_searchqa_memmap/searchqa_memmap/saplma/seed_3
training,searchqa_memmap,Llama-3.1-8B-Instruct,saplma,4,complete,auroc,0.6045449060945133,,,runs/baseline_comparison_searchqa_memmap/searchqa_memmap/saplma/seed_4
training,searchqa,Qwen3-8B,contrastive_logprob_recon,0,complete,cosine_auroc,0.7759024770531446,,,runs/baseline_comparison_searchqa_qwen3/searchqa_qwen3/contrastive_logprob_recon/seed_0
training,searchqa,Qwen3-8B,contrastive_logprob_recon,0,complete,mahalanobis_auroc,0.8164254975723515,,,runs/baseline_comparison_searchqa_qwen3/searchqa_qwen3/contrastive_logprob_recon/seed_0
training,searchqa,Qwen3-8B,contrastive_logprob_recon,0,complete,knn_auroc,0.8394334468752601,,,runs/baseline_comparison_searchqa_qwen3/searchqa_qwen3/contrastive_logprob_recon/seed_0
training,searchqa,Qwen3-8B,contrastive_logprob_recon,1,complete,cosine_auroc,0.7884366854232276,,,runs/baseline_comparison_searchqa_qwen3/searchqa_qwen3/contrastive_logprob_recon/seed_1
training,searchqa,Qwen3-8B,contrastive_logprob_recon,1,complete,mahalanobis_auroc,0.8307738989389207,,,runs/baseline_comparison_searchqa_qwen3/searchqa_qwen3/contrastive_logprob_recon/seed_1
training,searchqa,Qwen3-8B,contrastive_logprob_recon,1,complete,knn_auroc,0.8436107709837688,,,runs/baseline_comparison_searchqa_qwen3/searchqa_qwen3/contrastive_logprob_recon/seed_1
training,searchqa,Qwen3-8B,contrastive_logprob_recon,2,complete,cosine_auroc,0.7883992127365497,,,runs/baseline_comparison_searchqa_qwen3/searchqa_qwen3/contrastive_logprob_recon/seed_2
training,searchqa,Qwen3-8B,contrastive_logprob_recon,2,complete,mahalanobis_auroc,0.8324801254006688,,,runs/baseline_comparison_searchqa_qwen3/searchqa_qwen3/contrastive_logprob_recon/seed_2
training,searchqa,Qwen3-8B,contrastive_logprob_recon,2,complete,knn_auroc,0.8437657615571743,,,runs/baseline_comparison_searchqa_qwen3/searchqa_qwen3/contrastive_logprob_recon/seed_2
training,searchqa,Qwen3-8B,contrastive_logprob_recon,3,complete,cosine_auroc,0.7736450612790176,,,runs/baseline_comparison_searchqa_qwen3/searchqa_qwen3/contrastive_logprob_recon/seed_3
training,searchqa,Qwen3-8B,contrastive_logprob_recon,3,complete,mahalanobis_auroc,0.8261812041198643,,,runs/baseline_comparison_searchqa_qwen3/searchqa_qwen3/contrastive_logprob_recon/seed_3
training,searchqa,Qwen3-8B,contrastive_logprob_recon,3,complete,knn_auroc,0.8404404461860887,,,runs/baseline_comparison_searchqa_qwen3/searchqa_qwen3/contrastive_logprob_recon/seed_3
training,searchqa,Qwen3-8B,contrastive_logprob_recon,4,complete,cosine_auroc,0.7799787278349405,,,runs/baseline_comparison_searchqa_qwen3/searchqa_qwen3/contrastive_logprob_recon/seed_4
training,searchqa,Qwen3-8B,contrastive_logprob_recon,4,complete,mahalanobis_auroc,0.8307628161236943,,,runs/baseline_comparison_searchqa_qwen3/searchqa_qwen3/contrastive_logprob_recon/seed_4
training,searchqa,Qwen3-8B,contrastive_logprob_recon,4,complete,knn_auroc,0.8418083578076851,,,runs/baseline_comparison_searchqa_qwen3/searchqa_qwen3/contrastive_logprob_recon/seed_4
training,searchqa,Qwen3-8B,saplma,0,complete,auroc,0.7208262168184869,,,runs/baseline_comparison_searchqa_qwen3/searchqa_qwen3/saplma/seed_0
training,searchqa,Qwen3-8B,saplma,1,complete,auroc,0.721948258781822,,,runs/baseline_comparison_searchqa_qwen3/searchqa_qwen3/saplma/seed_1
training,searchqa,Qwen3-8B,saplma,2,complete,auroc,0.7227584461263583,,,runs/baseline_comparison_searchqa_qwen3/searchqa_qwen3/saplma/seed_2
training,searchqa,Qwen3-8B,saplma,3,complete,auroc,0.7258741664129253,,,runs/baseline_comparison_searchqa_qwen3/searchqa_qwen3/saplma/seed_3
training,searchqa,Qwen3-8B,saplma,4,complete,auroc,0.7168000562487506,,,runs/baseline_comparison_searchqa_qwen3/searchqa_qwen3/saplma/seed_4
training,searchqa_qwen3_memmap,Qwen3-8B,contrastive_logprob_recon,0,complete,cosine_auroc,0.795343966216896,,,runs/baseline_comparison_searchqa_qwen3_memmap/searchqa_qwen3_memmap/contrastive_logprob_recon/seed_0
training,searchqa_qwen3_memmap,Qwen3-8B,contrastive_logprob_recon,0,complete,mahalanobis_auroc,0.824942908075929,,,runs/baseline_comparison_searchqa_qwen3_memmap/searchqa_qwen3_memmap/contrastive_logprob_recon/seed_0
training,searchqa_qwen3_memmap,Qwen3-8B,contrastive_logprob_recon,0,complete,knn_auroc,0.8382998334387998,,,runs/baseline_comparison_searchqa_qwen3_memmap/searchqa_qwen3_memmap/contrastive_logprob_recon/seed_0
training,searchqa_qwen3_memmap,Qwen3-8B,contrastive_logprob_recon,1,complete,cosine_auroc,0.8012593550664917,,,runs/baseline_comparison_searchqa_qwen3_memmap/searchqa_qwen3_memmap/contrastive_logprob_recon/seed_1
training,searchqa_qwen3_memmap,Qwen3-8B,contrastive_logprob_recon,1,complete,mahalanobis_auroc,0.8262493847932673,,,runs/baseline_comparison_searchqa_qwen3_memmap/searchqa_qwen3_memmap/contrastive_logprob_recon/seed_1
training,searchqa_qwen3_memmap,Qwen3-8B,contrastive_logprob_recon,1,complete,knn_auroc,0.8402960242330979,,,runs/baseline_comparison_searchqa_qwen3_memmap/searchqa_qwen3_memmap/contrastive_logprob_recon/seed_1
training,searchqa_qwen3_memmap,Qwen3-8B,contrastive_logprob_recon,2,complete,cosine_auroc,0.7934572004284264,,,runs/baseline_comparison_searchqa_qwen3_memmap/searchqa_qwen3_memmap/contrastive_logprob_recon/seed_2
training,searchqa_qwen3_memmap,Qwen3-8B,contrastive_logprob_recon,2,complete,mahalanobis_auroc,0.822521915818452,,,runs/baseline_comparison_searchqa_qwen3_memmap/searchqa_qwen3_memmap/contrastive_logprob_recon/seed_2
training,searchqa_qwen3_memmap,Qwen3-8B,contrastive_logprob_recon,2,complete,knn_auroc,0.8372071306919592,,,runs/baseline_comparison_searchqa_qwen3_memmap/searchqa_qwen3_memmap/contrastive_logprob_recon/seed_2
training,searchqa_qwen3_memmap,Qwen3-8B,contrastive_logprob_recon,3,complete,cosine_auroc,0.8033814970124769,,,runs/baseline_comparison_searchqa_qwen3_memmap/searchqa_qwen3_memmap/contrastive_logprob_recon/seed_3
training,searchqa_qwen3_memmap,Qwen3-8B,contrastive_logprob_recon,3,complete,mahalanobis_auroc,0.8326822547635573,,,runs/baseline_comparison_searchqa_qwen3_memmap/searchqa_qwen3_memmap/contrastive_logprob_recon/seed_3
training,searchqa_qwen3_memmap,Qwen3-8B,contrastive_logprob_recon,3,complete,knn_auroc,0.8423801495964776,,,runs/baseline_comparison_searchqa_qwen3_memmap/searchqa_qwen3_memmap/contrastive_logprob_recon/seed_3
training,searchqa_qwen3_memmap,Qwen3-8B,contrastive_logprob_recon,4,complete,cosine_auroc,0.8085863432538174,,,runs/baseline_comparison_searchqa_qwen3_memmap/searchqa_qwen3_memmap/contrastive_logprob_recon/seed_4
training,searchqa_qwen3_memmap,Qwen3-8B,contrastive_logprob_recon,4,complete,mahalanobis_auroc,0.8325221639040539,,,runs/baseline_comparison_searchqa_qwen3_memmap/searchqa_qwen3_memmap/contrastive_logprob_recon/seed_4
training,searchqa_qwen3_memmap,Qwen3-8B,contrastive_logprob_recon,4,complete,knn_auroc,0.8423525816642184,,,runs/baseline_comparison_searchqa_qwen3_memmap/searchqa_qwen3_memmap/contrastive_logprob_recon/seed_4
training,searchqa_qwen3_memmap,Qwen3-8B,saplma,0,complete,auroc,0.7016644403433814,,,runs/baseline_comparison_searchqa_qwen3_memmap/searchqa_qwen3_memmap/saplma/seed_0
training,searchqa_qwen3_memmap,Qwen3-8B,saplma,1,complete,auroc,0.7125830091758836,,,runs/baseline_comparison_searchqa_qwen3_memmap/searchqa_qwen3_memmap/saplma/seed_1
training,searchqa_qwen3_memmap,Qwen3-8B,saplma,2,complete,auroc,0.7060883799884697,,,runs/baseline_comparison_searchqa_qwen3_memmap/searchqa_qwen3_memmap/saplma/seed_2
training,searchqa_qwen3_memmap,Qwen3-8B,saplma,3,complete,auroc,0.700979136104042,,,runs/baseline_comparison_searchqa_qwen3_memmap/searchqa_qwen3_memmap/saplma/seed_3
training,searchqa_qwen3_memmap,Qwen3-8B,saplma,4,complete,auroc,0.7102138174671416,,,runs/baseline_comparison_searchqa_qwen3_memmap/searchqa_qwen3_memmap/saplma/seed_4
